id,name,attype,locate,生命,物理,法术,团队,操作,金币价格,钻石价格,生命值,魔法值,物理攻击,法术强度,物理防御,魔法抗性,暴击,攻击速度,攻击范围,移动速度,背景,,,,,,,,,,,,,,,,,,,,,,
151,柏崎星奈,近战,防御,8,6,0,7,4,未开放,45钻,560+78,0+0,55.3.5,0+0,22+3.8,30+1.3,0+0,0.67+0.03,1.50+0.0,300+0,敬请期待,,,,,,,,,,,,,,,,,,,,,,
150,缇米,远程,法系,5,0,9,7,4,未开放,未开放,540+75,369+51,45+3,0+0,15+3,30+0,0+0,0.65+0.03,5.00 +0,300+0,永恒之地这片土地从来不缺少奇迹，无论你是寻求真理、还是渴求力量、或是期盼奇迹，这样的神秘力量将冒险者们聚集于此。经过越来越多冒险者的光顾，对存在与永恒之地根源的许愿机也造成污染。许愿机将自己的意识集成为人性降临，让永恒的【希望】寄托于名为“缇米”的少女带来永恒之地的曙光。,,,,,,,,,,,,,,,,,,,,,希望,
149,沢田纲吉,近战,法系,6,1,9,4,4,未开放,未开放,563+80,360+51,51+3.0,0+0,13+3.10,30+0.0,0.0+0,0.64+0.03,1.30+0,300+0,虽然因为学习和运动都不行，被同学称为“废材纲”，但由于是彭格列家族初代首领的后裔，沢田纲吉还是被家族选为十代首领的继承者候补。其本人天真善良，不愿卷入争斗，一开始强烈地拒绝，经过一系列的事件后为了重要的同伴而不断成长着，并开始承担起十代的使命。在指环争夺战最终的大空战中，不但出色地爆发出零地点突破·初代版，还自创出了零地点突破·改的招式，并最终战胜XANXUS，正式成为了十代继承者。随后，他代表彭格列家族来到了永恒之地，正式参加了一场由三大管理者发起的终焉之战......,,,,,,,,,,,,,,,,,,,,,,
148,伊莎,近战,防御,7,6,0,6,9,未开放,未开放,580 +85,280 +40,55 +3.50,0 +0,15 +3.30,30 +1.25,0 +0,64 +3.10,200 +0,100 +0,敬请期待,,,,,,,,,,,,,,,,,,,,,,
147,栗山未来,近战,物理,8,7,0,8,5,未开放,未开放,570+85,0,56+3.5,0,17+3.5,30+1.3,0,0.60+0.03,1.3,310,敬请期待,,,,,,,,,,,,,,,,,,,,,,
146,牧濑红莉栖,远程,辅助,5,2,7,8,4,未开放,未开放,540+75,369+51,45+3.0,0+0,15+3.0,30+0.0,0.0+0,0.65+0.03,5.00+0.00,300+0,"爱做实验.爱上2CH,更爱便携叉子我不是CHER,傲娇才没有呢外套只穿一半才不是衣衫不整～是因为可爱才这样穿的最讨厌冈部伦太郎了,好好教我名字啊不是助手,跟不是克里斯提娜我是牧濑红莉栖",,,,,,,,,,,,,,,,,,,,,,
145,一方通行,远程,物理,5,9,0,5,8,未开放,45,560+78,0+0,55+3.5,0+0,15+3.2,30+0.0,0.0+0,0.67+0.03,5.30+0.00,300+0,永恒之地的管理者300娘在召唤女性英雄时，由于自身的错误操作召唤了未知性别的一位英雄。一方通行听从最后之作的建议，报名了都市学院最大的舞蹈班学跳舞来调理身体。某天，在去舞蹈班的路上，次元发生扭曲，一方通行被召唤到了永恒之地。暴怒的一方通行大杀四方，寻找着召唤自己来到永恒之地的元凶并从头顶着火的家伙那里得知，只有尽快提升自己的实力，变为level7，才有可能突破永恒之地的束缚。,,,,,,,,,,,,,,,,,,,,,,
144,诱宵美九,远程,辅助,4,1,6,10,4,未开放,45,540+75,369+51,44+3.0,0+0,12+3.0,30(+0.0),0.0+0,0.64+0.03,5.00+0.00,294,在这个无限扩大的世界里，装饰爱的奇迹吧留下珍贵的一点一滴，永远不会停息在叫做命运的邂逅下，你看，心儿在胸中激烈的鸣叫想传达这份思念，在三棱镜之中若虹色的风迎面吹过，即时街道旁的树木都会露出微笑就好像包容进那开始了的爱情故事一般如果为单色的天空染上色彩，心形图案都会闪烁有你在，仅仅如此，也是绚丽多彩的每一天,,,,,,,,,,,,,,,,,,,,,,
143,蒂塔,近战,辅助,6,1,4,10,4,非卖品,非卖品,540+76,369+51,44+3.0,0+0,12+3.0,30,0,0.64+0.03,5,294,敬请期待！,,,,,,,,,,,,,,,,,,,,,,
142,战斗暴龙兽,近战,物理,7,9,1,5,2,未开放,45,566+85,0,54+3.4,0+0,15+3.2,30+1.25,0.0+0,0.65+0.03,1.60+0.00,300+0,无限大な梦のあとの やるせない世の中じゃそうさ常识 はずれも悪くないかなStayしそうなイメージを染めた ぎこちない翼でもきっと飞べるさ On My Love无限大な梦のあとの 何もない世の中じゃそうさ爱しい 想いも负けそうになるけどStayしがちなイメージだらけの 頼りない翼でもきっと飞べるさ Oh Yeah～,,,,,,,,,,,,,,,,,,,,,,
141,大傻,远程,物理,7,10,2,6,2,,45,500+77,300+43,55+3.3,0,15+3.0,30,0,0.67+0.03,5.3,300,英国出身的归国子女大傻de-su！请多多指教啦~(≧▽≦)/~，轮到我了！Follow me！大家，跟我来哦！全火炮！Fire！看到我的身手吗？我会更加努力的，如果不一致注视着我的话可以NO~的哦！urning Love！抓住提督heart的必然是我de-su！提督，时间和场到啦，但不要忘记了气氛和时机的话...可是no的啊。,,,,,,,,,,,,,,,,,,,,,,
140,亚里亚,远程,物理,6,9,0,5,7,6000,45,564+81,278+40,46+3.3,0+0,15+3.0,30+1.0,0.0+0,0.65+0.03,4.00+0,301+0,全名神崎·福尔摩斯·亚里亚。英国著名侦探夏洛特·福尔摩斯的子孙福尔摩斯四世。没有遗传到祖先优秀推理能力的她，被家族视为废物，但性格不服输又自尊极强的亚里亚，为了证明自己，凭借自身天生的战斗感及努力，在英国武侦界闯出了名气。来自英国的S级精英武侦，通称”双剑双枪“。善实两把[Colt M1911A1]及双小太刀，在一次武侦行动中，被不知名的力量带到了永恒之地，为了回到自己的世界，在永恒之地展开了调查。,,,,,,,,,,,,,,,,,,,,,,
139,诺瓦露,近战,物理,5,8,0,7,8,6000,45,573 +83,380 +48,53 +3.5,0 +0,15 +3.5,30 +0,0.0 +0,0.65 +0.03,1.4 +0,308 +0,史书在传送聂普顿来到永恒之地时，诺瓦露作为着陆气垫，理所当然也来到了这里，那么为什么他在涅普顿出现这么久才来到大家面前呢？原来，因为这次着陆，涅普顿姿势不对，导致诺瓦露重伤入院，在住院的时间里，寂寞难耐的她终于无法忍受，于是，放弃了治疗追寻涅普顿的脚步，加入了永恒之地的战斗,,,,,,,,,,,,,,,,,,,,,,
138,克子,近战,防御,9,8,0,8,5,6000,45,568+85,338+42,55+3.2,0+0,15+3.2,30+1.3,0.0+0,0.64+0.03,1.30+0,300+0,你认为是宇宙ＣＱＣ的东西就是宇宙ＣＱＣ。——摘自《好厉害！我的宇宙ＣＱＣ》附：《未放送之宇宙ＣＱＣ不完全收录·续》宇宙ＣＱＣ五九式　·　前进的铁骑宇宙ＣＱＣ百八式　·　大蛇薙宇宙ＣＱＣ蹲防式　·　五百年的威严宇宙ＣＱＣ波纹式　·　究极宇宙ＣＱＣ有德式　·　中二修正拳宇宙ＣＱＣＦＦＦ式　·　异端审判以下内容未流出：宇宙ＣＱＣ克子专用式　·　监Ｘ绑Ｘ偷Ｘ（后面被血挡住了看不清）,,,,,,,,,,,,,,,,,,,,,,
137,巴麻美,远程,物理,7,10,2,6,5,6000,45,560+77,282+39,53+3.3,0+0,15+3.0,30+0.0,0.0+0,0.65+0.03,5.30+0,300+0,神的影子投射在异世界的大陆上，成为平凡的人形。然而在此之前，她已将某件重要的事托付给了某位值得信任的人。什么的投影遇见恶魔的化身时，青色的剑士与红色的枪使降落于永恒之地。“既然有威胁世界的大魔王，还有被囚禁的神，那不是还需要一个拯救世界的勇者才行吗？真没办法，所有就是我啦？”“勇者沙耶加大人吗，听起来完全不可靠。虽然小圆之前只拜托了你，但你还是跟来照看一下吧。话说要吃Pocky吗？”“嚼嚼嚼————总之还是把事件解决为好。恶魔的想法恕我不能认同，如果她无论如何都不愿谢幕的话，就由我们来划下休止符。”,,,,,,,,,,,,,,,,,,,,,,
136,菲特,近战,法系,5,2,10,5,7,6000,45,540+80,380+50,51+3.0,0+0,15+3.0,30+0.0,0.0+0,0.64+0.0.,1.30+0,301+0,"菲特伫立在城市最高处的蓝色传送门前坚定望着漩涡中那一片若有若无未知的世界奈叶，我终于有些明白，当看见朋友流下伤心眼泪的时候，自己的心也会感觉难过，这个时候才觉得你是多么的重要。奈叶，虽然我们分别了，但是我们马上就会见面了，我一定会在那未知的地方找到你，然后一定会再次和你成为这一生最好的朋友。如果这就是命运的话，那就让它指向永恒之地吧！我来了...奈叶，再一次“I will call you name surely,many times.”",,,,,,,,,,,,,,,,,,,,,,
135,魂魄妖梦,近战,物理,6,9,8,5,5,未出售,未出售,560+84,332+42,54+3.4,0+0,17+3.2,30+0.0,0.0+0,0.65+0.03,1.30+0,300+0,红白二色巫女经常消失，回来后获得巨额金钱，绯红恶魔的忠犬神隐，接来怪事不断，妖梦认为不能坐视不管。在优雅的亡灵与间隙妖怪的指引来到了永恒之地寻找到了两名人类，任务完成后妖梦决定在闲暇之余参加永恒之地的战斗，磨练自己的技艺，追上祖父的脚步,,,,,,,,,,,,,,,,,,,,,,
134,黑雪姬,近战,物理,7,9,0,5,7,6000,45,573+83,349+48,53+3.50,0+0.00,15+3.50,30+0.00,0+0.00,65+3.30,130,308,其实在“永恒之地”未被发现的时候，黑雪姬已经在加速世界深处的传送门进入了永恒之地，并且利用加速能力打败了当初称霸永恒之地的所有英雄，最终使制作组决定推翻原有的战斗模式，并把游戏重塑为MOBA世界。春雪被GM绑架入永恒圣地后，黑雪姬义无反顾地闯入了永恒之地，黑雪姬利用自己残余的加速能力在永恒之地大展身手。为了把春雪从先知手上救回来，黑雪姬的目标是打败所有的GM，并且回家养猪,,,,,,,,,,,,,,,,,,,,,,
133,高町奈叶,远程,法系,6,2,10,6,5,6000,45,558 +78,342 +47,51 +3.1,0 +0,15 +3.0,30 +0.0,0,0.63 +0.03,5.00 +0,299 +0,“我一直在寻找的是勇气的含义，然而我无法正视现实，想逃避到梦想和未来。当我伤害别人，却束手无策的时候，唯独只有俯下身来独自瑟瑟发抖的自己。我想学会的是克服这些的意志和力量。我想做哪些力所能及的事，为保护自己所珍视的东西，我一定不会让悲伤和悔恨来结束这次的事件。”奈叶伫立在永恒之地的入口，坚定的望着这一片湛蓝的光说到：“我要找到属于自己的力量，为了我要保护的人！”,,,,,,,,,,,,,,,,,,,,,,
131,四糸乃,远程,法系,6,2,7,9,6,6000,45,550 +76,358 +48,50 +3.0,0 +0,15 +3.0,30 +0.0,0.0 +0,0.66 +0.03,4.80 +0,300 +0,神啊 求求你告诉我吧，明天的我将会去往何处，每每痛楚都化作了冰河，释放出我内心中的温热，你啊，为何露出笑容，明明只留给我背影，燃烧的太阳也已经坠落，我将此泪化雨抱在怀里,,,,,,,,,,,,,,,,,,,,,,
130,鸢一折纸,远程,法系,5,1,8,5,4,6000,45钻,565+76,360+48,53+3.2,0+0,15+3.0,30+0.0,0.0+0,0.66+0.03,5.00+0,300+0,『坠入爱河的胸中 有着花的图案』它是新红娇艳的热情之色与无情的意义不同 有时的恶作剧会让我渴求到忘却的程度奇迹只是用指尖捏造的事物如同要将我们互相融合般一个地 两个地 不断注入感情恋慕的纸鹤 为你而折,,,,,,,,,,,,,,,,,,,,,,
129,尼禄,近战,物理,7,7,0,7,7,6000,45,600+82,270+40,55+3.2,0+0,17+3.5,30+1.3,0.0+0,0.65+0.03,1.3,300+0,永恒之地最近饱受噪音扰民的困扰。据说一个皇帝每天都在开演唱会，一个月开32场演唱会。居民纷纷抗议：“你这暴君！！别唱了！！！我们要睡觉！！”尼禄：“睡你麻痹起来嗨！”抗议者随后就被拖入剧场，“开心”的听起了演唱会。永恒之地今天还是一如既往的核平呢。,,,,,,,,,,,,,,,,,,,,,,
128,伊莉雅,远程,法系,4,1,9,6,5,6000,45,566+77,355+47,53+3.2,0+0,15+3.0,30+0.0,0.0+0,0.66+0.03,5.00+0,298+0,集合了永恒之地众绅士的召唤之力，在杀生丸强大的萝莉控之魂下特招而出--魔法少女伊莉雅dasu~【弾幕は火力だぜ!DA☆ZE】,,,,,,,,,,,,,,,,,,,,,,
127,远坂凛,远程,法系,4,1,7,8,7,6000,45,565+76,360+48,53+3.2,0+0,15+3.0,30+0.0,0.0+0,0.66+0.03,500+0,298+0,远坂凛跑遍了各个城市，寻找她想要的宝石。结果都没有~急的她在地上摩擦，摩擦-摩擦-一不小心就掉到了永恒之地光滑的地板上。【红色的主仆组-------相遇即为补魔】,,,,,,,,,,,,,,,,,,,,,,
126,朝田诗乃,远程,物理,3,9,0,5,5,6000,45,559+74,235+35,52+3,0+0,15+3,30+0,0.0+0,0.66+0.03,5.30+0,258+0,桐人去到永恒之地解救亚丝娜，诗乃无法抑制自己对桐人的感情于是追逐而来——“这一次一定要打中你的心”【这是一段无法言说的X情】,,,,,,,,,,,,,,,,,,,,,,
125,金木研,近战,防御,10,8,0,4,4,未出售,21日出售,566+85,0+0,54+3.2,0+0,15+3.2,30+1.3,0+0,0.64+0.03,1.30+0,305+0,1000-7=？,,,,,,,,,,,,,,,,,,,,,,
124,奇犽,近战,法系,4,3,9,4,5,6000,45,568+77,325+43,55+3.5,0+0,15+3.1,30+0,0+0,0.66+0.03,1.20+0,302,离开世界树之后，奇犽与亚路嘉遇到了大家都很熟悉的“啪叽”一声，来到了永恒大陆。“陪着久不出门的妹妹，在异世界闲逛一段时间也挺不错的，”奇犽想：“什么时候有了回去见一见某人的心情，再试着找找看回去的路吧。”,,,,,,,,,,,,,,,,,,,,,,
123,五河琴里,近战,物理,5,9,0,3,5,6000,45,566+85,318+42,54+3.4,0+0,15+3.2,30+1.3,0+0,0.65+0.03,1.50+0,300+0,即使是思念即使是愿望如果成真的话即使在任何地方也能连接彼此那就来约会吧,,,,,,,,,,,,,,,,,,,,,,
122,美树沙耶加,近战,物理,8,9,0,4,5,6000,45,565+80,330+42,56+3.5,0+0,15+3.1,30+0.0,0+0,066+0.03,1.30+0,301+0,神的影子投射在异世界的大陆上，成为平凡的人形。然而在此之前，她已将某件重要的事托付给了某位值得信任的人。什么的投影遇见恶魔的化身时，青色的剑士与红色的枪使降落于永恒之地。“既然有威胁世界的大魔王，还有被囚禁的神，那不是还需要一个拯救世界的勇者才行吗？真没办法，所有就是我啦？”“勇者沙耶加大人吗，听起来完全不可靠。虽然小圆之前只拜托了你，但你还是跟来照看一下吧。话说要吃Pocky吗？”“嚼嚼嚼————总之还是把事件解决为好。恶魔的想法恕我不能认同，如果她无论如何都不愿谢幕的话，就由我们来划下休止符。”,,,,,,,,,,,,,,,,,,,,,,
121,佐仓杏子,近战,法系,5,3,9,5,4,6000,45,560+81,360+53,55+3.5,0+0,15+3.1,30+0.0,0+0,0.65+0.03,1.50+0,300+0,神的影子投射在异世界的大陆上，成为平凡的人形。然而在此之前，她已将某件重要的事托付给了某位值得信任的人。什么的投影遇见恶魔的化身时，青色的剑士与红色的枪使降落于永恒之地。“既然有威胁世界的大魔王，还有被囚禁的神，那不是还需要一个拯救世界的勇者才行吗？真没办法，所有就是我啦？”“勇者沙耶加大人吗，听起来完全不可靠。虽然小圆之前只拜托了你，但你还是跟来照看一下吧。话说要吃Pocky吗？”“嚼嚼嚼————总之还是把事件解决为好。恶魔的想法恕我不能认同，如果她无论如何都不愿谢幕的话，就由我们来划下休止符。”,,,,,,,,,,,,,,,,,,,,,,
120,两仪式,近战,物理,4,10,0,3,5,6000,45,549+80,0+0,58+3.5,0+0,15+3.0,30+0.0,0.0+0,0.65+0.03,1.30+0,300+0,骨色的半月，街灯深黯。和服的身影漫步而行。“来到了奇怪的地方啊------”世界外部的碎片可以杀死。因果编制的漩涡可以杀死。存在于不存在的事物没有任何差别全都可以杀死。即使是这场卷入无数异世界住民的时空崩毁本身，以这双眼来目视的话，想来也可以轻易抹消。,,,,,,,,,,,,,,,,,,,,,,
119,八云紫,远程,法系,4,1,9,5,7,未出售,未出售,560+77,357+48,53+3.2,0+0,15+3.0,30+0.0,0.0+0,0.63+0.03,5.00+0,298+0,"“梦想封------”“咲夜的世------”#!%x$(&%&,#x&x&!@#,%$x@#!!!!!!!!!!紫色的■■■，降临永恒之地。",,,,,,,,,,,,,,,,,,,,,,
118,空条承太郎,远程,物理,5,9,0,6,4,6000,45,568+84,0+0,55+3.5,0+0,15+3.2,30+1.3,0.0+0,0.64+0.03,3.49+0,302+0,“天国制造”发动后，旧世界在加速中终结，新的世界诞生了。重启后的世界任然安稳运行，但上一个世界死去的某人，却在宇宙达到终点之时，恰巧遇见因某对神魔的冲突而打开的通道。拥有时间系能力的承太郎，面对时空的裂缝，选择的方法是---------欧拉欧拉欧拉欧拉欧拉欧拉欧拉欧拉欧拉欧拉欧拉欧拉欧拉欧拉欧拉欧拉欧拉欧拉欧拉欧拉欧拉欧拉欧拉欧拉欧拉欧拉欧拉欧拉欧拉欧拉欧拉欧拉欧拉欧拉欧拉欧拉欧拉欧拉欧拉借助纯粹的物理破坏力，拥有最强替身的替身使者穿越了时空与因果的乱流，来到了永恒之地。,,,,,,,,,,,,,,,,,,,,,,
117,岛风,远程,物理,4,9,0,5,5,6000,45,558+77,300+39,54+3.5,0+0,15+3.0,30+0.0,0.0+0,0.67+0.03,530+0,300+0,背景故事？要什么背景故事，看岛风■■的不就好咯？你们是来看故事还是来看岛风的■■的咧？勇敢的提督啊快来与岛风一起在夜战中创造奇迹。我和你们讲，岛风的■■，赞！,,,,,,,,,,,,,,,,,,,,,,
116,奈亚子,近战,法系,4,3,9,4,5,6000,45,562+76,355+48,54+3.3,0+0,15+3.0,30+0.0,0.0+0,0.64+0.03,1.25+0.0,301,你认为是宇宙CQC的东西就是宇宙CQC。-----摘自《好厉害！我的宇宙CQC》附：《未放送之CQC不完全收录》宇宙CQC六式·超究武神霸斩宇宙CQC二十四式·杨氏太极拳宇宙CQC两仪式·空之境界宇宙CQC集换式·卡牌游戏宇宙CQC全新招式·天破侠乱宇宙CQC若斯奇亚等式·外神之数学公式,,,,,,,,,,,,,,,,,,,,,,
115,白岩射手,近战,物理,5,8,0,5,4,6000,45,560+79,319+37,53+3.3,0,15+3.0,30+1.3,0,0.67+0.03,130,300,I know.That's all.I'll be all right.I know.That's why you take me back.I know.That's the price I must pay.I've got to leave nothing to take anymore.我知道，这一切，我会没事。我知道，这是为什么你要带我回去。我知道，这代价是我该付出的吧。我得离开你而没有什么可以被夺走的了。,,,,,,,,,,,,,,,,,,,,,,
114,五更琉璃,远程,法系,6,1,9,7,4,N/A,N/A,560+77,357+48,53+3.2,0,15+3.0,30+0,0,0.63+0.03,500,298,《堕入凡间的魔兽的恸哭》=========序章=========我想到了一部绝妙的关于千叶的堕天圣黑猫的九百页设定集，可惜集卡书里的空间太小，写不下了。,,,,,,,,,,,,,,,,,,,,,,
113,白井黑子,近战,法系,4,1,8,8,6,6000,45,550+80,370+45,53+3.1,0,15+3.0,30+0,0,0.63+0.03,130,300,时空裂缝打开，崩毁的过程中将无数因果编织成漩涡，而其终点是一片未知的大陆。人偶、侦探、暗杀者——异世界的住民们纷纷受到影响，卷入其中。对于黑子而言，这是一次偶然的机遇。超电磁炮扭曲了时空的另一端，“啪叽”一声打开了通往永恒之地的道路。黑子灵机一动，抱起姐姐大人瞬间移动了进去。,,,,,,,,,,,,,,,,,,,,,,
112,梦梦,近战,法系,4,1,9,5,6,6000,45,565+78,352+47,49+3.0,0,14+3.0,30+0.0,0,0.64+0.03,120,296,梨斗再次触发了被动技能，把小暗扑到在地。因为摔的太用力，‘啪叽’一声就穿越了。小暗呼叫了梦梦，共同见证‘乐园’计划的实现。在永恒之地，梦梦见到了拿着扇子、皮鞭和风干香蕉的小暗。从小暗那里了解情况以后，梦梦追着梨斗加入了“神之攻略组”，成为了攻略组的特别顾问。这就是“乐园”计划的下一步--把永恒之地变为梨斗的后宫天堂。,,,,,,,,,,,,,,,,,,,,,,
111,Archer,近战,物理,5,9,3,5,4,6000,45,567+83,325+43,55+3.5,0,15+3.2,30+1.3,0,0.66+0.03,130,301,伦敦，时计塔。披着红色外套的少女独自在静室中实验某种涉及第二法模拟的未知魔术，经历了五个完美无缺的环节，达到了最后的时刻。“遮蔽，熔融，解放。归于银白基石的边缘，光线旋转四十二度，维度与门与门在交界处收缩。”“摘取。振幅。感知。通过理性与无意识交错的长廊，百亿道路的探求者，无限往复的旅行者。”少女把宝石剑泽尔里奇小心地放在魔法阵中央。“转调升高，修拜因奥古的荣耀也升高----”“啪叽”咦？啪叽？“啊啊啊啊啊啊啊啊啊啊啊啊啊啊啊----”少女醒来时，发现手背浮现除了令咒，身后出现了熟悉的红色身影。身旁显现的风景不是伦敦，也不是冬木，或任何一处自己记忆范围内的地域。“关键时刻，又出错了。不愧是我的Master。”----连这种嘲讽的语气都很熟悉，少女心想。迷失于时空的漩涡，少女来到了未知的星球，自身的状态也不知为何回到了第五次圣杯战争时期。抱着“搞不好还有机会回去”的心情，少女与炼铁之英灵一起，展开了永恒之地的旅行。,,,,,,,,,,,,,,,,,,,,,,
110,鹿目圆香,远程,法系,5,7,9,7,5,6000,45,565+78,352+47,53+3.5,0,15+3.0,30+0.0,0,0.67+0.03,530,300,世界外部的碎片如玻璃上的雨水一般渗透进世界之内。存在与不存在的事物一起涌入，令恶魔的囚牢无法继续禁锢神明。时空裂缝打开，崩毁的过程中将无数因果编织成漩涡，而其终点是一片未知的大陆。人偶、侦探、暗杀者--异世界的住民们纷纷受到影响，卷入其中。神的影子投射在这片大陆上，成为平凡的人形，遇见了那位曾经身为恶魔的魔女。圆环之理的法则在这特殊的世界并不通行，为此，魔女试图将神明本身也拉入这片大陆。我已给出我的答案，神明投影的少女心想，但那不是你的愿望。“这一次，就由你来作答吧。”,,,,,,,,,,,,,,,,,,,,,,
109,樱满集,近战,辅助,6,8,4,10,6,6000,45,563+83,312+42,55+3.5,0,15+3.0,30+1.25,0,0.65+0.03,150,300," 三路P K,胜者为王。 虚空宝刀，点击就送。 妹中抽剑，王者之力。 Q W E R,一秒刷爆。 无限刷怪，单倍经验。 独特虚空，由你打造。 我不断地寻找，有祈妹的世界在哪里。",,,,,,,,,,,,,,,,,,,,,,
108,江户川柯南,近战,辅助,4,5,5,10,8,6000,45,574+79,333+45,47+3.0,0,15+3.0,30+1.25,0,0.63+0.03,130,298,非常震惊。是这样的，我是小五郎。昨天地上出现了一道巨型裂缝，柯南掉进去“啪叽”一声就消失了。我也摔伤了腿，就去医院检查。结果腿没什么问题，却从脖子里拔出七百多根针。虽然不知道是怎么回事，但现在我觉得智商大幅回升了。根据我的推理，情况是这样的：柯南就是工藤新一，被某个组织注射了药剂变回小孩。药就是灰原哀做的。那个组织里全是卧底，其实没几个认真干坏事的。阿笠博士不是那个组织的老大。昨天我们遇到的是时空的裂缝，柯南穿越到别的世界了。呼。一下做这么多推理还真有点累呢。,,,,,,,,,,,,,,,,,,,,,,
107,涅普顿,近战,物理,5,9,0,6,5,N/A,45,563+83,312+42,54+3.5,0,15+3.0,30+0,0,0.66+0.031,140,300,在“史书”对时空的操纵影响下，海王星的化身涅普顿携同主场地图“游戏业界”一起降临永恒之地。真主角参战！天灭任索软，涅普保平安。A B C键是正统，圈叉三角留隐患。诚心诚念海王星，涅普涅普平安保。涅普为你做英雄，四十五块莫拒绝。早日摆脱LXL、DXXA，早日获得新生。上网搜 3 0 0英雄有 真 相。,,,,,,,,,,,,,,,,,,,,,,
106,金色之暗,近战,物理,4,9,0,6,6,6000,45,555+78,296+36,54+3.5,0,15+3.0,30+0,0,0.67+0.032,130,295,梨斗再次触发了被动技能，把小暗扑到在地。因为摔的太用力，‘啪叽’一声就穿越了。在永恒之地，小暗被某位格斗家、某位魅魔、某位活了一万年的精灵交到了一些讨厌的知识。当小暗拿着扇子、皮鞭和风干的香蕉回去找梨斗时，发现他已经加入了神大人的‘神之攻略组’。于是小暗呼叫了梦梦，共同见证‘乐园’计划的实现……,,,,,,,,,,,,,,,,,,,,,,
105,纏流子,近战,物理,7,8,3,3,8,6000,45,590+78,0,56+3.5,0,15+3.0,30+1.25,0,0.63+0.03,150,305,,,,,,,,,,,,,,,,,,,,,,,
104,晓美焰,远程,物理,4,9,3,4,7,6000,45,555+78,322+39,55+3.5,0,15+3.0,30+0.0,0,0.64+0.03,500,299,虚假的宇宙，虚假的时间。迷失于恶魔所创造的世界中，曾经身为神明的某人已将身份遗忘，过着平凡的生活。恶魔困住了神与神使，但神使们并未全部进入恶魔的世界，当某位神使击碎了世界的支点，世界外部的碎片就如玻璃上的雨水一般渗透进世界之内。时空中存在与不存在的物体一起涌入，令恶魔的囚笼无法继续禁锢神明。圆环之理重现，神明重新成为规则。即使如此，恶魔也仍将行恶魔之事。从切断真实的长梦中醒来，少女再次拿起了枪。“这一次，一定要拯救你”,,,,,,,,,,,,,,,,,,,,,,
103,立华奏,近战,物理,7,8,2,3,3,6000,45,566+85,318+42,54+3.4,0,15+3.2,30+1.25,0,0.65+0.031,130,300,兵库以北，太阳以西。天使、神父与特级厨师坐一桌，享受着共同爱好的美味。“这，这个味道是！像火在燃烧的辣，深度麻醉般的花椒，加上豆腐本身的滑嫩爽口，这是味觉的波状攻击！”天使。“舌头满足于豆腐的热辣之余，也能同时享受酥爽的口感，以及接踵而来的柔嫩度！好像在舌上演奏着曼妙的旋律，一切都豁然开朗了！”神父。“三种旋律和而不同，演奏出深甜甘美的音色，逐渐化为淡雪，又在雾中消散，慢慢往喉咙深处褪去！简直是豆腐与肉高度和谐的合奏！”特级厨师。“观察记录---食用---浸泡于红色液体内的块状物。”“？”天使。“？”神父。“？”特级厨师。略带机械感的回声，找不到声音的来源。雨，19度。,,,,,,,,,,,,,,,,,,,,,,
102,夜刀神十香,近战,物理,6,8,5,4,5,6000,45,568+83,322+40,55+3.5,0,15+3.2,30+1.25,0,0.64+0.031,140,300,每次对话 每次触碰 每次欢笑都让这份思念渐渐觉醒 决意绝不退让我想这是第一次 这样坦率地只是想陪伴在你身边 因为与你相遇了所以想坚信 DATE A LIVE,,,,,,,,,,,,,,,,,,,,,,
98,小鸟游六花,远程,法系,4,1,9,5,8,6000,45,566+78,0+0,51+3.0,0+0,15+3.0,30+0,0+0,0.64+0.031,1.2,298,其实第一次听说要中二我是拒绝的。因为，你不能让我中二，我就马上去中二。第一我要试一下，因为我不愿意中二完了以后加一些特技上去，眼睛“咣”一下，很柔，很亮。这样姐姐一定会骂我，根本没有这样的眼睛，就证明你那个是美瞳。后来我也经过证实我确实是中二的，我中二了几年，感觉很不错。后来我开邪王真眼的时候也要求他们不要加特技，因为我要让勇太看到，我中二以后是这个样子，你中二以后也会是这个样子！,,,,,,,,,,,,,,,,,,,,,,
96,伊卡洛斯,远程,物理,6,9,0,5,5,6000,45,560(+77),298(+38),53(+3.5),0(+0),15(+3.0),0(+0),0(+0),0.67(+0.031),5.30(+0),300(+0),【娱乐用万能天使观察记录】【※】发现身有白翼的女性，拟判断为天使，讯问后得到了否定的答案。该女性正在食用一种浸泡于红色液体内的块状物（麻婆豆腐）。【※】发现身有金属双翼的女性，拟判断为天使，询问后得到了否定的答案。了解其经历后命名为“永久被俘人形兵器Athena”。然后被打了。【※】发现身有黑翼的女性，拟判断为天使，询问后得到了否定的答案。该女性自名恶魔，并且开始宣传一套据称为“人类感情极致”的危险恋爱观。【※】发现西瓜-----观察记录暂时终止，恢复时间未定。（萃香中枪）,,,,,,,,,,,,,,,,,,,,,,
95,小悟空,近战,物理,5,8,4,4,4,6000,45,605(+82),0(+0),55(+3.5),0(+0),14(+3.3),30(+1.3),0(+0),0.64(+0.03),1.70(+0),300(+0),另一个未来。特兰克斯治愈了悟空的心脏病，使用紧急停止装置冻结了人造人17、18号的技能，又在沙鲁出生前及时毁灭了地下培养槽，但他并没有发现19、20号的存在。格罗博士改造布玛留给特兰克斯的时光机，试图扭转既成事实，继续向悟空复仇。然而，时光机将他与悟空一起送入了时间的乱流。这是由于格罗博士不自知的错误：他设定的复仇对象不是未来的卡卡罗特，而是记忆中那个毁灭了红绸军的少年。顺带一提，人造人19号也意外地穿越到了某个位面，成为了一位英明有位年少多金风流倜傥的领袖人物，统治着某个繁荣昌盛山河壮丽的宇宙级伟大强国........（摔！字幕君什么的不干啦）,,,,,,,,,,,,,,,,,,,,,,
94,战士娃,近战,物理,6,9,1,5,4,3800,40,635(+77),0(+0),52(+3.5),0(+0),15(+3.0),30(+1.25),0(+0),0.68(+0.03),1.55(+0),307（+0）,葫芦七兄弟被蛇妖抓住后，过上了幸福的生活。每天在神山之中组队练级，根据各自的兴趣爱好选择了不同的职业进行修行。在一次组队练级杀死最终BOSS后无意中触发了时空扰动，七兄弟同时被传送到了永恒之地，开始了他们新的旅程。,,,,,,,,,,,,,,,,,,,,,,
93,坂田银时,近战,物理,5,8,0,5,3,6000,45,565(+85),322(+42),55(+3.5),0(+0),15(+3.2),30(+1.3),0(+0),0.66(+0.03),1.40(+0),300(+0),,,,,,,,,,,,,,,,,,,,,,,
92,夜夜,近战,防御,8,8,0,3,4,6000,45,615(+82),295(+34),54(+3.3),0(+0),15(+3.1),30(+1.25),0(+0),0.65(+0.03),1.20(+0),300(+0),夜夜一直转一直转一直转一直转一直转一直转转啊转啊转啊转啊转啊转啊转啊转啊转啊转啊转啊转转转转转转转转转转转转转转转转转转转转转转转转突然就转出了时空的裂缝，”啪叽“一声地穿越了。夜夜来到了永恒之地，与带着奇怪面具的男人成为了心之友，得到了许多非常有益的教诲 例如”打不中的话就什么事都没有“、”人偶的性能不是战力差的决定因素“、”诶！花柳斋的人偶都是怪物吗“等等。夜夜能够感受到与雷真的魔力联系并未断绝，因此，目前正在寻找把雷真也带来的方法。,,,,,,,,,,,,,,,,,,,,,,
91,十六夜咲夜,远程,法系,4,1,9,6,7,未开放购买,未开放购买,570(+77),355(+48),53(+3.2),0(+0),15(+3.0),30(+0),0(+0),0.66(+0.03),5.00(+0),302(+0),"永恒之地，某时某处。红窗的洋馆静静显现。虽然此事与幻想乡无关，但闲来无事整天与绿龙相伴的某位舞女还是擅自将其定名为”河道异变“并追查而来，在红魔馆的前厅遭到了一群同样无所事事的妖精女仆的阻拦。”守门人不在。“妖精女仆A，”顺便一提大小姐和二小姐也不在。“ ”异世界并不可怕，可怕的是不能继续在红魔馆工作（混饭吃）。“妖精女仆B。”女仆也需要女仆的救世主。“妖精女仆C。舞女抬头看去，红魔馆的女仆长，十六夜咲夜，正站在楼梯最上端。”梦想封 咲 夜 的 世 界 。“”虽然时间停止以后这样说很奇怪，但大约就是5秒的样子。“女仆长悠闲地在巫女身周布满飞到。5,4,3,2,1.然后时间开始流动。",,,,,,,,,,,,,,,,,,,,,,
90,强袭自由,远程,物理,5,8,5,7,5,6000,45,640+70,270+45,57+3.5,0+0,50+0.0,40+0.0,0.0+0,0.66+0.032,2.00+0,300+0,俯卧在随风起舞的树阴下哭泣，望着那个素不相识的自己：吉他为逝去的人而弹奏，流行因不归之人而陨落。 不要离我而去，即使是这样恳求，也只是换来橙色花瓣的静静摇曳：遗留在稚嫩脸庞上的，掌心中的记忆，已渐远去，指尖弹奏出别离的旋律，依靠在你温柔肩膀上的儿童之心，被呼啸的车轮无情的抛开。吉他弹奏出逝人的叹息，拨弄着心弦无法平静，再未被悲伤沾染的洁白上映出了，摇曳着橙黄花瓣的夏日之影。即使脸庞不再稚嫩，也能跨越那被夕阳染红的沙滩，离别的旋律。在回忆燃烧殆尽的大地上，怀恋的嫩芽正在破土而出，目送拂晓的列车，橙色的花瓣现在又在何处摇曳。 在已迎接过无数次的黎明，再次到来之前，不要熄灭手中的灯火，车轮啊，旋转吧。,,,,,,,,,,,,,,,,,,,,,,
89,曾小贤,近战,防御,8,7,0,6,2,6000,45,589(+85),300(+35),54(+3.1),0(+0),18(+3.0),30(+1.25),0.0(+0),0.69(+0.032),1.30(+0),307(+0),世上本没有爱情公寓，但是看的人多了，就有了。在第三季结束的时候，庞大的粉丝群汇集了海量的信仰之力，最终在虚空中开辟出了真正的爱情公寓—一个叫做爱情公寓的位面，大家对于主角的印象也在其中凝聚成形…作为位面中最“古老”的生物，他们就像其他位面初创时诞生的元始生灵一样，拥有了神格和独特的神力，并肩负起了发展状态位面的责任。但粉丝的群体意识可不是专业的创世神，爱情公寓位面在初生之始就有一点小问题—这个位面太小了…小到只有那么一栋公寓几间房子。而神邸们居然被设定为需要吃饭睡觉上厕所，房间里倒是有自来水管，但是另一头,,,,,,,,,,,,,,,,,,,,,,
88,吕子乔,近战,防御,10,8,0,3,5,6000,45,636+78,0,57+3.5,0+0,16+3.0,30+1.25,0.0+0,0.68+0.03,1.50+0,311+0,世上本没有爱情公寓，但是看的人多了，就有了。在第三季结束的时候，庞大的粉丝群汇集了海量的信仰之力，最终在虚空中开辟出了真正的爱情公寓—一个叫做爱情公寓的位面，大家对于主角的印象也在其中凝聚成形…作为位面中最“古老”的生物，他们就像其他位面初创时诞生的元始生灵一样，拥有了神格和独特的神力，并肩负起了发展状态位面的责任。但粉丝的群体意识可不是专业的创世神，爱情公寓位面在初生之始就有一点小问题—这个位面太小了…小到只有那么一栋公寓几间房子。而神邸们居然被设定为需要吃饭睡觉上厕所，房间里倒是有自来水管，但是另一头,,,,,,,,,,,,,,,,,,,,,,
87,食之忍者,近战,辅助,6,2,5,8,2,420,12,630(+103),255(+42),51(+3.4),0(+0),17(+3.5),30(+1.25),0.0(+0),0.62(+0.022),1.10(+0),294(+0),北方帝国部队的线报中，经常会提到一些神秘失踪的部队。搜索的斥候们找不到马匹、武器、军粮……他们全都被吃掉了。 牟笠就是他们失踪的原因。这个可怕的忍者拥有与生俱来的饥饿感。这不是对食物的渴求，而是对“吞”这个动作的渴望。 牟笠的嘴仿佛一个黑洞，能吞下任何东西——无论是马匹、武器、军粮……还是士兵本身。尽管他带上了奇怪的面具掩饰自己的嘴，但当他饥饿难耐时，没有人敢呆在他的身边。 牟笠想过要减肥。毕竟忍者也有自己的生活，不过每当看到成堆的敌人，他总是忍不住磨牙。牟笠还是管不住自己的嘴啊。,,,,,,,,,,,,,,,,,,,,,,
86,猪八戒,近战,防御,8,1,5,7,3,1200,24,608+77,255+40,56+3.3,0+0,22+3.8,30+1.3,0.0+0,0.61+0.04,1.30+0,298+0,世人传说，一沙一世界，是一种思想。但大雷音寺的大德们知道，一沙一世界，说的是一种法门，也是一种事实。 永恒之地的存在，对佛祖来说并不是秘密，更有方法可以通过一种沙砾大小的隧道通往其他世界，他们称这个隧道为：虫洞…… 在佛门眼中看来，永恒之地的英雄们死去又活来的过程绝对是世界上最痛苦的刑罚，那么永恒之地毫无疑问就是真正的地狱。 唐僧师徒在完成了取经之后，佛门又给出了新的任务：前往永恒之地，普度众生！ 且看这师徒四人，如何搅得永恒之地天翻地覆！,,,,,,,,,,,,,,,,,,,,,,
85,胡子船长,近战,防御,7,2,6,6,6,2880,36,587(+83),298(+40),55(+3.3),0(+0),18(+3.5),30(+1.25),0.0(+0),0.63(+0.03),1.55(+0),302(+0),没有人知道被黑洞吞噬了的东西会去哪，就算是黑洞的主人自己也不知道，但就在他的体内，黑洞的另一端，有一个全新的世界：永恒之地！ 胡子船长在永恒之地醒来的时候，联邦的著名港口——巴士拉正在庆祝联邦海军的胜利，他们刚刚剿灭了横行附近海域的海盗，俘虏了大量的海盗并准备在港口进行宣判处决！ 看着那些与自己的儿子们十分相像的海盗，他做出了一个决定：用自己的能力，去换取对那些海盗的赦免。 而他自己，将会在新的战场上创造新的传奇！,,,,,,,,,,,,,,,,,,,,,,
84,蛮锤勇士,近战,防御,9,4,3,5,4,420,12,655(+81),280(+43),57(+3.5),0(+0),21(+3.8),30(+1.3),0.0(+0),0.63(+0.03),1.10(+0),289(+0),维京人克鲁格深信，当自己勇敢地战死沙场后，他将在女武神的接引下，跨过彩虹桥，进入天堂。克鲁格深信凭自己的勇猛战绩，足以得到奥丁的接见。 但这一切希望落空了！因为当他死后睁开眼看到的不是美丽的女武神，而是一个歪瓜裂枣的召唤者。他一怒之下操起锤子，将召唤师砸翻在地。 费尽口舌，召唤师们才让克鲁格明白他并没有死亡。这位勇猛的维京战士只是被召唤师们带入了永恒之地，一个战争的天堂！ 没有什么能比“再打个三百回合”让维京人更高兴的了！现在克鲁格再度操起锤子，为召唤师们而战。,,,,,,,,,,,,,,,,,,,,,,
83,张飞,近战,防御,7,4,4,6,4,1200,24,615(+83),255(+38),53(+3.0),0(+0)),17(+3.5),30(+0.0),0.0(+0),0.66(+0.03),1.50(+0),3.7(+0),这位忠诚而暴躁的将军，看上去绝对不是一个合适的英雄，情绪极易容易失控的他，被召唤进永恒之地后，却改变了他的性格。 为了配合诸葛亮与召唤师们所达成的协议，他臣服于召唤师，忠实地执行着所有的命令，为召唤师赢得一场又一场的胜利！,,,,,,,,,,,,,,,,,,,,,,
82,死亡骑士,近战,防御,4,7,4,6,7,3800,40,607(+85),311(+35),55(+3.5),0(+0),15(+3.3),30(+1.25),0.0(+0),0.65(+0.03),1.31(+0),3.7(+0),巫妖王每天被刷一万次，而且随着玩家们的等级越来越高，已经有人开始计划着单刷他了，为了逃避被单刷的耻辱，他决意离开那个让他悲伤的世界。 跟随着七个曾经组团刷过他的葫芦娃，他来到了永恒之地。,,,,,,,,,,,,,,,,,,,,,,
81,库奇,近战,防御,6,1,8,6,7,1200,14,567(+80),0(+0),51(+3.0),0(+0),17(+3.5),30(+1.25),0.0(+0),0.66(+0.03),1.20(+0),293(+0),库奇出生于机械境。她的父母用毕生心血研究出了一款AVE的战斗机器人，库奇的母亲在研究事故中丧生。 当年轻的库奇第一次乘坐这个机器人，就能够感觉到母亲环绕着自己。 然而这款机器人有着强烈的破坏欲望。为了防止机械境被破坏，库奇乘着AVE来到了永恒之地，用不停歇的战斗满足着AVE的战斗欲望。,,,,,,,,,,,,,,,,,,,,,,
80,巴依老爷,近战,防御,9,1,5,6,5,1200,24,607+84,0+0,56+3.0,0+0,17+3.5,30+1.25,0+0,0.63+0.03,110,285,随着阿凡提的名气越来越大，粉丝们让他的生活日渐阔绰了起来，他的驴子伙伴逐渐被他所疏远，阿凡提一门心思想着如何甩掉这头老驴子并用它再赚上一笔。 直到某天他想到了一个绝妙的计划，他谎称这是头可以拉金币的驴子，并牵着驴子找到了天真烂漫的巴依老爷，说服他用全部的财产换取了这头驴子，从此以后……阿凡提成了财主老爷，而巴依老爷则变得一无所有——除了那头驴子。 就在他觉得前途一片灰暗的时候，这头驴子居然开口说话了：“亲爱的朋友，请不要悲伤，我并不是一头驴子，我是塞伦盖地的斑马王子——奥斑马！我曾在马达加斯加表演过，拥有,,,,,,,,,,,,,,,,,,,,,,
79,记忆金属,近战,防御,5,6,0,10,8,1200,24,600+75,310+45,57+3.2,0,15+3.2,30+1.25,0,0.63+0.03,110,305,奇拉比·伊克斯普罗德是一个非常痴迷于钻研动力学技术的博士，他花了多年的努力研制出一个具有出色自我修复能力的机器人助手，来帮助他进行一些危险的实验，他给这个机器人取名鲍姆·伊克斯普罗德！然而不幸的事发生了，恶魔统领得知了这个消息之后决定拿下鲍姆据为己用。奇拉比是个爱好和平的正义之士，一直痛恨恶魔统领的入侵。在恶魔统领上门强抢之时，因为奇拉比的顽强反抗并用发射装置将鲍姆送向天空，才让鲍姆得以逃出恶魔统领的魔爪。鲍姆亲眼目睹自己的主人被恶魔统领残忍杀害之后，决定与恶魔统领对抗到底,,,,,,,,,,,,,,,,,,,,,,
78,夏洛特,近战,防御,7,8,1,5,6,1200,24,586+80,260+40,54+3.2,0,18+3.5,30+1.25,0,0.66+0.3,130,307,这位大公之女以无双剑技战胜了所有的追求者，为了向更高的境界进军，她踏上了追求剑道的东游之旅。 往佛国参悟慧剑之义、登昆仑领略御剑之道、踏瀛洲夺取奕剑之心。 当她发现世界已至尽头，天下再无可问道之人时，这位惊采绝艳的女子一剑斩开了时空——在原来的世界，玫瑰剑圣破空而去，而在永恒之地，她将走进新的传说。,,,,,,,,,,,,,,,,,,,,,,
77,骑士娃,近战,防御,9,3,4,5,3,3800,40,650+90,320+46,51+3.1,0,18+3.5,30+1.25,0,0.65+0.03,110,307,葫芦七兄弟被蛇妖抓住后，过上了幸福的生活。每天在神山之中组队练级，根据各自的兴趣爱好选择了不同的职业进行修行。在一次组队练级杀死最终BOSS后无意中触发了时空扰动，七兄弟同时被传送到了永恒之地，开始了他们新的旅程。,,,,,,,,,,,,,,,,,,,,,,
76,平天大圣,近战,防御,9,6,0,6,2,420,12,610+85,0,56+3.2,0,18+3.2,30+1.25,0,0.66+0.03,130,300,牛魔王本是一头野牛，出生在翠云山中。因误食仙草而获得灵性，又经三千年修炼成妖。偶然的机会用自创的平天守衡心法救了路过的因修炼天魔解体大法而走火入魔的罗刹女，两人因利益和或许存在的爱情结为了夫妻。牛魔王广结好友，三界之中的很多名人都是他的结拜兄弟。牛魔王最终在与华天道人的斗法中神秘死亡，他强大而愤怒的灵魂拒绝前往地府，地府也奈何不了他。现在的他是一名英灵，利用它的力量换取灵契师的身体的部分支配权。,,,,,,,,,,,,,,,,,,,,,,
75,姬丝秀忒,近战,防御,7,5,4,4,6,6000,45,555+85,0+0,48+3.2,0+0,15+3.2,30+1.25,0+0,66+3.2,190,302+0,姬丝秀忒送走了忍野忍和阿良良木历之后，开启了新的世界线。她看到另一个世界的自己能够获得幸福，姬丝秀忒决定也进行几次时间旅行，看看是否能够为自己找到幸福。然而在多个时空中，世界被她反复毁灭，她始终无法找到她所希望的幸福。在一次时间旅行中，她偶然穿越到了永恒之地，这次她发现自己无法毁灭世界了。她终于找到了想要的幸福——无穷无尽的战斗与鲜血。,,,,,,,,,,,,,,,,,,,,,,
74,暴风狂斧,近战,物理,6,10,0,5,6,420,12,644+93,0+0,56+3.0,0,17+3.1,30+1,0,0.66+0.03,130,303,"风，将战争血腥的气息吹上了北方高原。 这股气味让卡拉斯躁动不安。几个月前，他试图挑战部落酋长的位置。作为上任酋长的儿子，狂战士血脉的继承者，卡拉斯认为自己理应登上酋长的宝座。 他确实击败了现任的酋长，但同时也把对手给大卸八块……当卡拉斯从战斗的狂怒中清醒过来时，部落的人民正对着自己丢石头。人们害怕他。 因此卡拉斯遭到了放逐，在北方高原上徘徊。现在风中的这股血腥味又唤起了他体内战斗的狂热。 既然部落民不接受他，他就要去最适合自己的地方：战场。卡拉斯会证明自己，证明自己的双斧会是世界上最厉害的武器。""",,,,,,,,,,,,,,,,,,,,,,
73,岩石巨像,近战,防御,10,1,4,6,7,420,12,645+79,0+0,53+3,0+0,18+3.5,30+1.25,0+0,0.63+0.03,110,300,"岩石巨像旺达据说是生命之母补天所用的五色石孕育出的生灵，巨大的身躯给予了巨像恐怖的力量，他能扔出巨大的石头来砸晕敌人，那坚硬异常的岩石皮肤不但保护着自己，还能给予队友支持，五色石的身体给予他的是与大地的沟通，而生命之母所赐予的禁断力量,创造再生则让岩石巨像成为了战场上永远不会倒下的恐怖身影。",,,,,,,,,,,,,,,,,,,,,,
72,格雷,远程,辅助,4,4,6,10,7,6000,45,564+81,338+46,50+3.3,0+0,15+3,30+0,0+0,63+3,500+0,294+0,一个被爱情束缚住了基情的男人是幸福的，可惜他只是个男孩而已。末日降临，当‘阿克诺利亚’徘徊在众生头顶之时，他才幡然醒悟，原来为了爱人一切皆可牺牲；站在命运交错口上的他毫不犹豫地使用了以生命为代价的绝技【绝对冰封】。当然就凭这些是挽救不了世界的，被时间之弧挽救了性命的他，决定破开时空，来到永恒之地寻找新的希望。,,,,,,,,,,,,,,,,,,,,,,
71,捕鱼达人,远程,法系,4,3,7,7,8,1200,24,545+85,310+45,50+3,0,15+3.5,30+0,0,0.67+0.032,165,294,"""血顺着河流流进海里，这血污染了清澈的海洋，让鱼群慌乱。这让艾努和她的同胞们连续几个季节收成不佳。 海民们愤怒地召开会议，探讨人类世界的动向。他们一致宣判人类有罪。他们的血和兵器玷污了水之母。为此他们将向水之母祈祷，召唤一场灭世的海啸。 艾努站出来反对这个决议。她曾在月下平静的海面上，聆听过一个少女泛舟时的歌声。她相信人类的内心还有美好的一面。 议会于是下令艾努必须离开海洋，去结束人类的战争。艾努拿起她的鱼叉，离开波涛深邃的海洋，来到了人类文明的中心。在这里，他将以自己的方式结束人类的争端。",,,,,,,,,,,,,,,,,,,,,,
70,影舞者,近战,法系,5,3,8,5,4,1200,24,563+78,0+0,56+3.2,0+0,15+4.0,30+0,0+0,0.66+0.027,110,307,逃忍多半活不长。 “影舞者”千代和“疾风之忍”望月同属于南方城邦雇佣的忍者部队。望月擅长以忍术辅助军队作战；而千代则是独来独往的刺客，刀下少有活口。 然而随着战争加剧，千代厌倦了看着自己的忍者同胞们一个个去送死。他们是隐秘部队，不受正规军的尊重，身怀的忍术又让人畏惧。最终千代背弃了村子，成了逃忍。 忍者的生命不属于自己，属于村子的首领。于是一纸格杀令下达，忍者们摩拳擦掌，随时准备杀死这位声名显赫的前辈。 然而迄今为止从未有人成功过。任何接近千代的敌人，都死在了她魅影般的身法下。临死前，他们眼中倒映着千代漆,,,,,,,,,,,,,,,,,,,,,,
69,深渊之眼,远程,法系,6,1,8,6,7,420,12,545+75,318+50,57+3,0+0,11+3.5,30+0,0+0,0.67+0.02,485,289,圣火教派被阿奇博尔激怒了，宣扬黑暗是不可饶恕的罪行。为此， 当审判庭的召唤师们启动了那道深邃的传送门时，阿奇博尔德带着蔑笑，头也不回踏入了无尽虚空。就这样，这位年轻的天文学家坠入了湮灭一切的深渊。 当阿奇博尔德再次清醒过来时，她重新回到了永恒之地。她感觉自己仿佛穿过了一个针孔，又回到了原点。然而此刻的阿奇博尔德已经不再是个生老病死的凡人，一个通往深渊的通道，能随意扭曲时空的结构。,,,,,,,,,,,,,,,,,,,,,,
68,雷霆之怒,远程,辅助,4,1,7,9,4,420,12,519+73,366+64,55+2.9,0+0,9+3.8,30+0,0+0,0.62+0.03,420,294,"雷霆之怒美狄亚是岛国最年幼的公主。据说当她的母亲生产时，岛国正遭受百年一遇的风暴肆虐。而当公主安然出生时，她的母亲也已经难产而亡。 于是人们发现也许她正是雷霆风暴的化身。随时随地，公主总是充满了难以释放的怒气，没有哪个女仆敢于靠近她。这不仅是因为愤怒，更是因为她周身环绕着致命的魔法。 作为尊贵的公主，美狄亚的脸上始终挂着傲慢和冷漠的表情。她不屑于行走，因为风会托起她的双脚，不让污秽的大地以尘土玷辱她的纯洁。""",,,,,,,,,,,,,,,,,,,,,,
67,术士娃,远程,法系,3,2,10,6,6,3800,40,531+77,380+55,47+3.0,0+0,11+3,35+0,0+0,0.62+0.02,460,288,葫芦七兄弟被蛇妖抓住后，过上了幸福的生活。每天在神山之中组队练级，根据各自的兴趣爱好选择了不同的职业进行修行。在一次组队练级杀死最终BOSS后无意中触发了时空扰动，七兄弟同时被传送到了永恒之地，开始了他们新的旅程。,,,,,,,,,,,,,,,,,,,,,,
66,垃圾毁灭者,近战,法系,6,1,8,6,7,420,12,615+75,0+0,55+3.0,0+0,20+3.0,30+0,0+0,0.64+0.03,130+0,303, 回到地球的基尼一直在为重建地球而努力工作着，直到它老化到不能再启动。 被送进博物馆的基尼享受着后世人类的爱戴。然而机器人们也随着文明的提升而拥有了自己的立场，并发动了对人类的战争，为了打击人类的信心。 机器人之王将基尼改造为了战斗机器人并且重新激活了它。复活的基尼无法抑制自己杀戮的冲动，为了避免伤害人类，它激活了不稳定的黑洞，被时空乱流卷入了永恒之地。,,,,,,,,,,,,,,,,,,,,,,
65,青丘国主,近战,法系,6,2,7,6,7,2880,36,570(+84),300(+45),53(+3.0),0(+0),17(+3.5),30(+1.25),0.0(+0),0.65(+0.032),1.10(+0),302(+0),和石猴的传说一样，妖狐也是每个时空中都有的神话。他们以人类的欲念为食，凭附在凡人的身体里，玩弄着人类的心灵。因此猎魔人们才费尽心思要剿灭这种生物。然而妖狐的狡诈远超人们想象。他们总能在关键时刻脱离包围。 永恒之地南方城邦的法师们曾想从其他时空捕捉一只妖狐，送往北方帝国的都城来诱惑皇帝，以败坏其国政。 “这里是？”他们在召唤九尾妖狐时，连带将他的宿主漩涡青丘国主一起带到了这个世界上来了。召唤阵中的少年身上散发着巨大的查克拉之力。这让目睹此景的魔法师们被震慑了。他们明白自己召唤了一个无法控制的灾难。,,,,,,,,,,,,,,,,,,,,,,
64,蛇血舞姬,近战,法系,4,4,6,7,6,2880,36,583+(77),320(+42),53(+3.0),0+0,15(+3.0),30(+0.0),0.0(+0),0.66(+0.03),1.00(+0),310(+0),全世界对草帽小子的悬赏加在一起，也比不上草帽小子在这位海贼女王心目中的分量，当草帽小子消失在伟大航路的尽头时，她人生的目标就随之改变：去那个伟大航路尽头的世界，去找到草帽小子！ 当她真的踏上永恒之地时，草帽小子已经在永恒竞技场上赢得了巨大的名声，一方面惊喜于一踏上新世界就得到了草帽小子的消息，另一方面却得知想要见到草帽小子，就必须先成为永恒竞技场上的英雄。 现在的事情就简单了，永恒竞技场，蛇血舞姬来了！,,,,,,,,,,,,,,,,,,,,,,
63,夏娜,近战,物理,7,8,0,6,5,6000,45,630(+80),320(+36),55(+3.3),0(+0),17(+3.5),30(+1.25),0.0(+0),0.69 (+0.03),1.40(+0),310(+0),夏娜和悠二幸福地生活在一起以后，无聊婚后生活让夏娜寂寞难耐。为了实(xun)现(zhao)自(ci)我(ji)，夏娜切开了时空之门，来到了永恒之地。在和永恒之地的各种敌人战斗中，夏娜不断地提(diu)升(diao)着自己的觉（jie）悟(cao)，为了成为真正的红（ao）世(jiao)之王而努力。,,,,,,,,,,,,,,,,,,,,,,
62,御坂美琴,近战,法系,4,1,8,8,6,6000,45,564(+77),354(+50),52(+3.0),0(+0),14(+3.0),30(+0.0),0.0(+0),0.63 (+0.03),1.20 (+0),308(+0),御坂美琴的超能力达到level6时，超电磁炮产生的巨大能量将会扭曲时空。在一次偶然的机遇中，超电磁炮扭曲了时空打开了通往永恒之地的道路；而黑子却在一边幻想着和姐姐大人的私奔的旅途，当她看到扭曲时空里的永恒之地上演着激情大乱斗时，黑子灵机一动，然后抱起美琴瞬间移动了进去。,,,,,,,,,,,,,,,,,,,,,,
61,貂蝉,远程,法系,5,2,8,6,10,1200,24,544(+70),322(+45),49(+3.0),0(+0),15(+3.0),30(+0.0),0.0(+0),0.66 (+0.03),4.00 (+0),307(+0),很多时候，英雄们解决不了的问题，却可以被一些看上去弱小的存在轻易解决，比如貂蝉，她的魅力惊心动魄，解决了董卓，也解决了南方联盟的一个难题。 北方帝国召唤来的吕布让联盟吃尽了苦头，无数前往挑战的英雄都失败了，但貂蝉……却轻易地动摇了这颗帝国新星的立场，逆转了战场上的局势。 看来无论是在哪个世界，小女子，都可以有大作为！,,,,,,,,,,,,,,,,,,,,,,
60,月之女祭司,远程,法系,3,5,7,6,8,3800,40,551(+72),332(+38),50(+3.0),0(+0),14(+3.0),30(+0.0),0.0(+0),0.68(+0.035),4.8(+0),302(+0),"""对于任何一个丈夫已经在梦境中沉浸了一万年的女人来说，已经没有什么能够阻止她寻求新的刺激了，起码风干的香蕉做不到。 某次她影遁于天灾野区时，不小心窥视到了斧王与痛苦女王一起消失在了树林深处，按耐不住内心好奇的她悄悄地跟了上去……可惜，她没看见她期待的内容。 一阵白光闪过，她来到了永恒之地，没有了对丈夫的牵挂，万年的寂寞终将得到解脱，在这片自由之地上，没有人能阻止月之女祭司的狂野了！""",,,,,,,,,,,,,,,,,,,,,,
59,痛苦女王,远程,法系,3,3,9,6,7,3800,40,550(+75),355(+49),51(+3.0),0(+0),13(+3.0),30(+0.0),0.0(+0),0.66 (+0.03),4.80(+0),294(+0),被兽人掳掠到外域的人类公主受尽凌辱，全靠回到故乡的愿望支撑，她相信，她心爱的骑士会来救她。 人类大军终于来了，可是，她却惊恐地发现，她怀孕了……怀上了兽人的孩子，甚至谁是孩子的父亲，她都不知道…… 为了报复兽族赋予她的痛苦，她埋葬了作为少女的自己，化身铁血女王对兽人领土实行残酷的殖民统治，为了缓解内心的痛苦，她拥有了许多变态的嗜好，但她再也没有真正快乐过。 现在，为了寻求真正的快乐和内心的解脱，她来到了永恒之地！,,,,,,,,,,,,,,,,,,,,,,
58,变异魔菇,远程,法系,3,1,9,6,7,420,12,545(+75),295(+45),55(+3.0),0(+0),15(+3.2),30(+0.0),0.0(+0),0.63(+0.02),4.85(+0),298(+0),和其他来自异世界的英雄们不同，变异魔菇·舔舔是永恒之地土生土长的居民。 为了应付北方王国的入侵，大法师艾维诺在南方阴郁湿热的丛林中实验一种全新的法术：将沉睡百年的古木唤醒，让它们成为南方军队的士兵。 但是实验的结果出了点问题。让一只躲藏在阴影中的蕈菇吸收了魔力。它不断膨胀，不可收拾，它就是尤史瑞。 舔舔的到来很快成为南方的灾难。这只巨大的魔菇不是植物、动物、真菌，它是可怕的魔法生物，它吞噬着一切阻挡在自己面前的东西，在背后留下一条蘑菇之路。 为了束缚这头可怕的蘑菇。召唤师们把舔舔带到了永恒之地的竞技场——,,,,,,,,,,,,,,,,,,,,,,
57,死神,近战,法系,4,2,8,7,5,3800,40,585(+80),300(+40),50(+3.0),0(+0),15(+3.0),30(+0.0),0.0(+0),0.60 (+0.03),1.30 (+0),308(+0),死是生的新生，在永恒之地的生死螺旋的尽头，有一个灵魂一直在默默地吸收着各种菜鸟被虐的怨气，当他降临之时，将是菜鸟逆袭之时！,,,,,,,,,,,,,,,,,,,,,,
56,舰队统帅,远程,法系,3,2,9,7,5,3800,40,562 (+75),360(+49),51(+3.0),0(+0),13(+3.0),30(+0.0),0.0(+0),0.66 (+0.03),4.85(+0),294(+0),作为昆卡最忠诚的手下，最亲密的朋友和最爱的伴侣，罗杰陪伴着昆卡击退了无数次洪流恶魔的进攻。在那次毁灭漩涡之战中，昆卡在漩涡中失踪。随后在世界各地的海域均有昆卡乘着幽灵船抗击邪恶的事迹。罗杰在战后继承了昆卡的军衔和遗志，听说了消息后立刻率领着舰队扬帆出海，四处寻找昆卡的踪迹。在听说昆卡在永恒之地出现过以后，罗杰主动送上了自己的灵魂契约，期望有一天能够在无尽的战斗中与昆卡相逢。,,,,,,,,,,,,,,,,,,,,,,
55,齐天小剩,远程,法系,2,1,10,8,9,1200,24,549(+83),350(+48),50(+3.0),0(+0),15+(3.3),30(+0.0),0.0(+0),0.66(+0.03),5.28(+0),307(+0),"出身美猴王世家的小剩从小就被当成家族新一代的继承人来培养,可是因为顽皮的性格他在16岁时闯下了弥天大祸，被迫离家出走，带着家传之宝筋斗云，金箍棒以及三们好“鸡”友一起闯荡江湖。",,,,,,,,,,,,,,,,,,,,,,
54,牧师娃,远程,辅助,4,1,6,10,6,3800,40,555(+74),345(+45),46(+3.0),0(+0),14(+3.0),30(+0.0),0.0(+0）,0.63(+0.03),4.85(+0),294(+0),葫芦七兄弟被蛇妖抓住后，过上了幸福的生活。每天在神山之中组队练级，根据各自的兴趣爱好选择了不同的职业进行修行。在一次组队练级杀死最终BOSS后无意中触发了时空扰动，七兄弟同时被传送到了永恒之地，开始了他们新的旅程。,,,,,,,,,,,,,,,,,,,,,,
53,雅典娜,远程,辅助,3,1,7,10,5,2880,36,509(+74),349(+50),50(+3.3),0(+0),12(+3.5),30(+0.0),0.0(+0),0.63(+0.03),4.41(+0),285(+0),出生自永恒之地的雅典娜，为了选拔和召唤属于自己的强大英雄，利用自己的美貌和所谓的正义去忽悠了一批少年，并称之为圣斗士，让那些圣斗士们为之赴死再复活，复活再赴死……当圣斗士们来到永恒之地，并知悉所有因果之后，勃然大怒的他们联合起诉了雅典娜。在铁一般的证据支持下，雅典娜败诉了。 在她的判决书上写着：因为让英雄过于频繁地死亡，特判决剥夺雅典娜召唤师身份，进入英雄之列，在每天被杀几百万次的煎熬中为自己的恶劣行为赎罪！ ,,,,,,,,,,,,,,,,,,,,,,
52,唐僧,远程,辅助,4,1,6,10,4,420,12,562(+75),345(+50),49(+3.0),0(+0),15(+3.0),30(+0.0),0.0(+0）,0.63（+0.03）,5.28（+0）,294（+0）,世人传说，一沙一世界，是一种思想。但大雷音寺的大德们知道，一沙一世界，说的是一种法门，也是一种事实。 永恒之地的存在，对佛祖来说并不是秘密，更有方法可以通过一种沙砾大小的隧道通往其他世界，他们称这个隧道为：虫洞…… 在佛门眼中看来，永恒之地的英雄们死去又活来的过程绝对是世界上最痛苦的刑罚，那么永恒之地毫无疑问就是真正的地狱。 唐僧师徒在完成了取经之后，佛门又给出了新的任务：前往永恒之地，普度众生！ 且看这师徒四人，如何搅得永恒之地天翻地覆！,,,,,,,,,,,,,,,,,,,,,,
51,奥特曼,远程,法系,4,8,4,5,7,1200,24,595(+75),280+(45),48(+3.0),0(+0),15(+3.5),30(+0.0）,0.0（+0）,0.67（+0.03）,4.85（+0）,289（+0）,这些好战的巨人并不是出于人道主义而四处消灭怪兽，他们纯粹是为了发泄自己种族天性的暴力成分而战，不过当宇宙中的怪物已经被消灭得所剩无几，某些天生的暴力狂人只好发动了内战。 当这个种族的理性主义者们最终获得了胜利，将对手放逐到了永恒之地，现在他们将会在无穷无尽的战斗中被放逐至永远。,,,,,,,,,,,,,,,,,,,,,,
50,魔导少女,远程,法系,5,1,8,7,3,1200,24,531（+81）,380（+55）,55（+3.0）,0（+0）,11（+3.9）,30（+0.0）,0.0（+0）,0.62（+0.02）,4.85（+0）,288（+0）,"""多萝西有些特别的天分，就像猫儿要吃鱼一样，她喜欢看着火焰在手中跳跃燃烧的样子。 为此她的父母将她送到女巫教母那儿学习控制自己的魔法。但教母失败了，她没法让多萝西释放除了火焰之外的其他法术。 在房子第三次被烧成废墟以后，女巫教母将多萝西推荐给圣火教派的牧师。他们将少女包装成圣火在人间的化身，又将她送往战场。 多萝西被战争中各种可怕的场景吓到了。这更刺激了她的纵火天赋。现在北方军队拥有一件强大的武器，他们计划用这个可怕的少女把南方城邦烧成灰烬。""",,,,,,,,,,,,,,,,,,,,,,
49,卡殿下,近战,法系,4,4,8,5,4,2880,36,573（+80）,0（+0）,56(+3.0),0（+0）,15（+3.2）,30（+0.0）,0.0（+0）,0.66(+0.03),1.00（+0）,307（+0）,卡殿下正在对阵组织最强成员——六道中的天道，耗光了几乎所有查克拉的卡殿下也没能取得胜利。天道准备用一根钉子击杀卡殿下，在这生死攸关的时刻，卡殿下用仅存的查克拉发动了神威，但……卡殿下竟然不知这只来他人的神瞳还能将自身进行传送，于是卡殿下来到了这个世界。,,,,,,,,,,,,,,,,,,,,,,
48,火拳·S,近战,法系,5,3,7,6,7,6000,45,563（+80）,0（+0）,55（+3.2）,0（+0）,15（+3.5）,30（+0.0）,0.0（+0）,0.66(+0.03),1.10（+0）,300（+0）,一个阳光积极的少年怎能就这样消逝，具备操纵火焰能力的他在生命的最后做出了最正确的决定。在他即将离开那个世界时……“我有一个总让人担心的弟弟。”他叹了口气“我还要做最后一件事！”说完S化作火焰消散在空气中。在永恒之地的河道，S追随着一个带着拳套的草帽小子……,,,,,,,,,,,,,,,,,,,,,,
47,蛇叔,近战,法系,5,4,8,4,7,2880,36,563（+78）,322（+45）,55（+3.2）,0（+0）,15（+3.5）,30（+0.0）,0.0（+0）,0.66(+0.03),1.30（+0）,307（+0）,方帝国的前任皇帝在位时，开启了一系列规模宏大的强国策略，其中备受瞩目的就包括专门前往各个时空搜集强大战士的【英雄计划】——大量的核心皇室人员，前往各个时空寻找最强血脉和天赋的战士，将他们传送至永恒之地，并使之为帝国战斗！ 而面具男阿飞，就是一名来自帝国的亲王，他在幼年时就被传送到了忍者的世界，在被帝国唤醒后，开始了在忍者世界的行动，通过挑拨离间让这个世界充满战斗和杀戮，进而选拔出最优秀的战士，而这些人最后都无一例外地会被他送进北方帝国的训练营，在那里，帝国人有无数手段强迫他们屈服并让他们参加战斗！ ,,,,,,,,,,,,,,,,,,,,,,
46,诸葛亮,远程,法系,4,1,9,7,8,1200,24,524（+75）,355（+53）,48（+3.0）,0（+0）,12（+3.5）,30（+0.0）,0.0（+0）,0.62（+0.03）,5.00（+0）,302(+0),诸葛先生并没有对自己来到永恒之地感到吃惊，无论他是从何种渠道了解到这个世界的规则，总之他不像其他的移民那样，需要经历很多误会与冲突才能在这个世界立足。 在漫长的谈判和吊胃口之后，他拿着足够多的好处——服务期满之后，他可以穿越时间回到过去改变历史。 接下来的事情，就很简单了，不是有句话叫：谈笑间，灰飞烟灭么……,,,,,,,,,,,,,,,,,,,,,,
45,法师娃,远程,法系,6,2,9,4,8,2880,36,514（+75）,320（+46）,45（+3.0）,0（+0）,15（+3.0）,30（+0.0）,0.0（+0）,0.60（+0.03）,4.85（+0）,293（+0）,葫芦七兄弟被蛇妖抓住后，过上了幸福的生活。每天在神山之中组队练级，根据各自的兴趣爱好选择了不同的职业进行修行。在一次组队练级杀死最终BOSS后无意中触发了时空扰动，七兄弟同时被传送到了永恒之地，开始了他们新的旅程。,,,,,,,,,,,,,,,,,,,,,,
44,时崎狂三,远程,物理,6,9,0,6,7,6000,45,555（+78）,0（+0）,53（+3.5）,0（+0）,15（+3.0）,30（+0.0）,0.0（+0）,0.69（+0.032）,5.00（+0）,292（+0）,干冷的狂风在那空无一人的街道上呼啸而过，那向往光明的眼眸中映出的只有绝望，那谁也聆听不到的呼声我定将其找到为止，触摸着这份温柔但依然恐惧着，能填补心中空虚的人是否就是你？选择吧，Date A Live!,,,,,,,,,,,,,,,,,,,,,,
43,陈美嘉,远程,物理,3,5,2,5,6,6000,45,509（+71）,320（+35）,45（3.0）,0（+0）,13（+3.0）,30（+0.0）,0.0（+0）,0.55（+0.033）,3.66（+0）,290（+0）,世上本没有爱情公寓，但是看的人多了，就有了。在第三季结束的时候，庞大的粉丝群汇集了海量的信仰之力，最终在虚空中开辟出了真正的爱情公寓—一个叫做爱情公寓的位面，大家对于主角的印象也在其中凝聚成形…作为位面中最“古老”的生物，他们就像其他位面初创时诞生的元始生灵一样，拥有了神格和独特的神力，并肩负起了发展状态位面的责任。但粉丝的群体意识可不是专业的创世神，爱情公寓位面在初生之始就有一点小问题—这个位面太小了…小到只有那么一栋公寓几间房子。而神邸们居然被设定为需要吃饭睡觉上厕所，房间里倒是有自来水管，但是另一头,,,,,,,,,,,,,,,,,,,,,,
42,不知火舞,近战,防御,5,5,7,4,6,6000,45,569（+85）,0（+0）,52（+3.2）,0（+0）,15（+3.2）,30（+0.0）,0.0（+0）,0.66(+0.032),1.35（+0）,307（+0）,某天一早，神大人正要出门举行艳遇教师的第三十二场演讲，但刚一推开家门，就立刻被眼前的情形惊呆了—地上摆满了各种过气的本子，只剩内衣的手办、布满各种斑渍（是口水吧，一定是口水吧）的二次元美女抱枕…“神大人，如果你能干成这一票的话，这些…都是你的，哦呵呵呵”，一声淫笑将正在风中凌乱的桂木桂马拉回了现实，他认出了这个家伙：第一个使用亚丝娜胜利一万盘成功抱得白富美的开发组成员，而他的身后，是四百多个海大爷。神大人抱臂扶额思索了一会后沉吟道：“不知火舞啊，格斗家的意志向来是非常坚定的，这任务很有难度啊...我最近又很忙，一个月有三十二场演讲会。”“看来，神大人是不愿意帮忙了”“就知道是这个样子...”“老实和快播小伙伴一起玩耍吧，不要想太多了...”就在四百多个海大爷一连串失望的嘟囔声中，神大人的声音突然坚定的响起：“不过，我就喜欢这样挑战性的任务，不知火舞，就交给我来搞定吧！”于是，不知火舞，即将降临！,,,,,,,,,,,,,,,,,,,,,,
41,霍比侦查兵,远程,物理,6,8,0,7,7,1200,24,550（+75）,257（+40）,51（+3.0）,0（+0）,15（+3.0）,30（+0.0）,0.0（+0）,0.66(+0.03),5.00（+0）,294（+0）,"""南方城邦和北方帝国之间的战争，引起了其他物种的注意。 一直以来生活在平静山谷中的霍比特人，警觉地竖起耳朵，倾听大地的震动。他们避开双方行军的路线，向安全的地方转移。 但是，当战火燃烧到无处不在时，霍比特人就再也没有了退路。 波卡是霍比特科技侦察小队的队长，这个矮小的前侦查兵认为，要让同伴们获得安稳的居住地，最好的办法莫过于帮助某一方人类赢得战争。于是他前往人类的居住地，与一位召唤师领主达成契约，他将为南方城邦联盟而战，以他巨大的退缩炮收拾敌人！""",,,,,,,,,,,,,,,,,,,,,,
40,斧王,近战,防御,7,5,5,4,5,3800,40,610（+90）,245（+32）,55（+3.5）,0（+0）,15（+3.3）,30（+0.0）,0.0（+0）,0.66(+0.03),1.25（+0）,308（+0）,作为被感染的血斧一族首领，他多数时间无法控制自己的行为，他在远古守卫的战场斩杀了无数敌人，但另一方面，在他有限的清醒时间内，寻求解除诅咒的方法，成为了他唯一的目标。 当他在战场上拯救了谜团之后，他获悉了空间的秘密，在无尽的虚空之中，穿越宇宙的尽头，那里有一块神奇的土地，任何魔法、契约、法则都无法从外部世界对那里进行约束，那里可以彻底的斩断他与过去的联系，摆脱噩梦，只为了自己而活着，那里……就是永恒之地！,,,,,,,,,,,,,,,,,,,,,,
39,盗贼娃,近战,物理,6,9,0,6,9,3800,40,557（+77）,0（+0）,51（+3.0）,0（+0）,15（+3.2）,30（+0.0）,0.0（+0）,0.69（+0.035）,1.30（+0）,310（+0）,葫芦七兄弟被蛇妖抓住后，过上了幸福的生活。每天在神山之中组队练级，根据各自的兴趣爱好选择了不同的职业进行修行。在一次组队练级杀死最终BOSS后无意中触发了时空扰动，七兄弟同时被传送到了永恒之地，开始了他们新的旅程。,,,,,,,,,,,,,,,,,,,,,,
38,亡灵女王,远程,物理,5,10,0,6,6,1200,24,569（+78）,270（+40）,53（+3.25）,0(+0),14（+3.0）,30（+0.0）,0.0（+0）,0.68（+0.03）,5.80（+0）,285（+0）,"""成为幽暗城的女王之后，亡灵女王常常怀念在森林中穿行的日子，然而现在过多接触新鲜空气和阳光只会让自己的腐烂加剧。 为了排遣女王的烦闷，法拉尼尔研制出一种梦境药剂，可以让女王在睡梦中旅行。 然而这种药剂效果因为一次意外的干扰而产生了意外的效果——女王的灵魂跨越了晶壁，进入了永恒之地，在那里，女王可以尽情地奔跑和享受杀戮的快感。""",,,,,,,,,,,,,,,,,,,,,,
37,三笠,近战,物理,6,8,0,7,10,6000,45,565（+81）,0（+0）,56（+3.5）,0（+0）,17（+3.5）,30（+0）,0.0（+0）,0.60（+0.03）,1.30（+0）,290（+0）,“当巨人都死光以后，你要做点什么？”三笠·阿克曼看着满地的巨人尸体问艾伦。“你是说战争结束后么？当然是回老家结婚！”艾伦答道。“和谁？”“当然是兵长！”在之后的某一次壁外调查中，三笠负责保护巨人化的艾伦。不过当巨人们汹涌而至的时候，她只是在附近笑着看着艾伦被吃掉。自那以后再也没有人见过三笠，她再也没有任何牵挂的东西，独自响应召唤，来到了永恒之地。,,,,,,,,,,,,,,,,,,,,,,
36,沙僧,近战,防御,7,6,1,7,7,420,12,595(+85),305(+40),56(+3.0),0(+0),17(+4.5),30(+0.0),0.0(+0),0.66(+0.03),1.50(+0),298(+0),"""世人传说，一沙一世界，是一种思想。但大雷音寺的大德们知道，一沙一世界，说的是一种法门，也是一种事实。 永恒之地的存在，对佛祖来说并不是秘密，更有方法可以通过一种沙砾大小的隧道通往其他世界，他们称这个隧道为：虫洞…… 在佛门眼中看来，永恒之地的英雄们死去又活来的过程绝对是世界上最痛苦的刑罚，那么永恒之地毫无疑问就是真正的地狱。 唐僧师徒在完成了取经之后，佛门又给出了新的任务：前往永恒之地，普度众生！ 且看这师徒四人，如何搅得永恒之地天翻地覆！""",,,,,,,,,,,,,,,,,,,,,,
35,吉尔加美什,远程,物理,4,8,3,6,4,6000,45,561+77,278+38,47+3.0,0+0,15+3.0,30+0.0,0.0+0,0.69+0.035,5.30+0,298+0,"""圣杯被破坏之后，吉尔加美什也获得了新生，赤裸于天地的他，突然感悟到圣杯的真正意义；原来阿尔托莉雅才是能令他愉悦的圣杯，于是他再次踏上了寻找“圣杯”之旅。 在一个小网吧里，他发现了阿尔托莉雅竟然去《300英雄》做形象代言了。在下一秒的永恒之地里，他们意料之中的相遇了；但意料之外的是，他在永恒之地遇到了另一个女神，那女神道：“我才是你的圣杯，你难道不想要了吗？”，之后的战斗中，时常能听到吉尔加美什的哀怨声：“雅典娜，我已经说~了1万次了，我不是你的圣~斗士。”""",,,,,,,,,,,,,,,,,,,,,,
34,左二少,近战,物理,5,8,3,5,4,2880,36,540+74,280+38,50+3.0,0+0,18+3.0,30+0.0,0.0+0,0.67+0.03,1.30+0,298+0,北方帝国在忍者世界的亲王——面具男阿飞，一直觊觎左二少的永恒万花筒天瞳术，他设计了一连串的阴谋和计划逼迫左二少来找他寻求真相。 显然，这不是一个很好的选择，等待他的是一条由阿飞打通的时空隧道，隧道的那一头，是帝国的英雄训练营，为了能够回到忍者的世界继续寻找真相，左二少不得不向帝国人妥协，他将在战场上赢得回到忍者世界的机会！,,,,,,,,,,,,,,,,,,,,,,
33,疾风之忍,远程,物理,4,9,0,8,6,420,12,545+77,289+43,54+3.2,0+0,13+3.25,30+0.0,0.0+0,0.69+0.03,5.80+0,294+0,"""当正面战场失利时，忍者将从黑暗中现身，成为扭转胜负的关键。 疾风之忍望月是南方城邦所召唤的雇佣兵之一。据说她生来就懂得掌控风的力量——因此她才能顺利挥舞巨大的风车手里剑。 在战场上，疾风之忍的巨型手里剑宛如可怕的风暴，席卷所有敌人。而奇妙的忍法更能让军队足下生风，直捣敌人的要塞。""",,,,,,,,,,,,,,,,,,,,,,
32,关羽,近战,物理,8,6,0,7,6,1200,24,614+90,276+46,53+3.3,0+0,18+3.3,30+1.3,0.0+0,0.66+0.03,1.50+0,307,既然诸葛先生已经与召唤师们谈妥了条件，那么关羽所需要做的，无非是温酒战英雄罢了。 为了蜀汉的大业，在诸葛亮的安排下，关羽又开始开始了拆五塔斩六将的生活。,,,,,,,,,,,,,,,,,,,,,,
31,敌法师,近战,防御,8,7,3,3,4,3800,40,525+70,260+33,49+3.5,0+0,17+3.5,30+1.5,0.0+0,0.71+0.036,1.30+0,305+0,"""古尔丹的头颅碎掉之后，魔王并没有死去，失去恶魔力量的他，同时失去了自己的记忆，本能地捡起一对战刃，穿梭在世界的各个角落，寻找着自己的过去。 在旅途中，恶魔猎手的职业本能带领着他四处降魔，这让他受到了世界各地民众的尊敬与爱戴，大家称他为：敌法师！ 直到来到暗夜精灵的领地，熟悉的昆雅语透露出的厌恶与恐惧让他不知所措，但他找到了她的存在——那个骑着白虎的女人。 追随着她的能量轨迹，他破开虚空，来到了永恒之地，他知道，那个女人一定帮他找回自己！""",,,,,,,,,,,,,,,,,,,,,,
30,化形战士,近战,物理,6,9,4,2,7,420,12,610+79,310+40,55+3.5,0+0,15+3.5,30+1.25,0.0+0,0.63+0.03,1.30+0,307+0,"""恒之地南方，阴郁丛林里，一支化形妖部落曾建起过怪异的文明。 据说化形妖是南北战争中受到魔法辐射的史莱姆。他们能随意变化，混入人群中模仿人类的文明。这让人类觉得他们十分危险。 为了清剿这些能变化的生物。南方城邦的领主们第一次联手合兵，铲平了丛林里的化形妖部落。 但有一起例外。一位化形妖战士，克雷斯侥幸从这场屠杀中逃脱。在这场战争中他感受到了恐惧，学会了人类的憎恨。这真讽刺，化形妖只想学习人类的文明，却最终学到了人类的恶意。 为了复仇，克雷斯来到了大竞技场。在这里，他将依靠自己在丛林中学到的狩猎技巧，对人类大开杀戒。",,,,,,,,,,,,,,,,,,,,,,
29,吕布,近战,物理,7,10,0,4,6,1200,24,635+77,0+0,56+3.5,0+0,15+3.0,30+0.0,0.0+0,0.68+0.03,1.70+0,307+0,永恒之地永远不拒绝强者，他们对强者的渴望甚至到了强抢乃至搜刮的程度，因此任何世界中的名将与英雄，都会成为他们搜刮的对象。 吕布显然是这种强者，他成为了北方帝国的目标，但如过往一样，他对于阵营并没有什么真正的认同，暴戾而强悍的他成为了战斗中所有人都畏惧的存在，不论是他的对手还是队友。,,,,,,,,,,,,,,,,,,,,,,
28,幻刺·D·露西,近战,物理,6,8,0,5,3,3800,40,565+77,260+33,59+3.5,0+0,15+3.5,30+0.0,0.0+0,0.66+0.04,1.10+0,305+0,露西和莉莉是一对姐妹，她们被自己的亲生父亲抛弃在山下，一个叫做艾斯弗洛格的男人捡到了她们并且将她们抚养长大。她们跟随他学会了一些基本的战斗技巧，但是在成年之前，她们对于自身武艺的前途产生了分歧。露西认为在战斗中应该遵从自己的本能，随机应变。而莉莉认为在战斗中应该遵从套路，见招拆招。艾斯弗洛格为了解决她们的分歧，将她们的灵契送入了永恒之地。在那里，她们将用无尽地战斗来证明自己的武学之道比她们的姐妹更正确。,,,,,,,,,,,,,,,,,,,,,,
27,幻刺·L·莉莉,近战,物理,6,8,0,5,3,3800,40,565+77,260+33,59+3.5,0+0,15+3.5,30+0.0,0.0+0,0.66+0.04,1.10+0,305+0,露西和莉莉是一对姐妹，她们被自己的亲生父亲抛弃在山下，一个叫做艾斯弗洛格的男人捡到了她们并且将她们抚养长大。她们跟随他学会了一些基本的战斗技巧，但是在成年之前，她们对于自身武艺的前途产生了分歧。露西认为在战斗中应该遵从自己的本能，随机应变。而莉莉认为在战斗中应该遵从套路，见招拆招。艾斯弗洛格为了解决她们的分歧，将她们的灵契送入了永恒之地。在那里，她们将用无尽地战斗来证明自己的武学之道比她们的姐妹更正确。,,,,,,,,,,,,,,,,,,,,,,
26,猎人娃,远程,物理,6,9,0,6,6,3800,40,539+74,0+0,50+3.3,0+0,12+3.5,30+0.0,0.0+0,0.66+0.03,5.80+0,294+0,葫芦七兄弟被蛇妖抓住后，过上了幸福的生活。每天在神山之中组队练级，根据各自的兴趣爱好选择了不同的职业进行修行。在一次组队练级杀死最终BOSS后无意中触发了时空扰动，七兄弟同时被传送到了永恒之地，开始了他们新的旅程。,,,,,,,,,,,,,,,,,,,,,,
25,雾影射手,远程,物理,3,8,1,7,4,420,12,559+74,235+35,52+3.0,0+0,15+3.4,30+0.0,0.0+0,0.66+0.03,5.30+0,285+0,"""是暴风雨将视力受损，被母亲遗弃的皓卡娅送到了雷鹰的巢穴。 她在风的看护下成长，成了南方雨林大家庭中唯一的人类成员。树木为她制作长弓，猛禽为她贡献羽箭，风教她弯弓开弦。 在风的耳语中，失明的皓卡娅感受到了世界的轮廓。她能透过脚下的震动，风的气息，回声的反射知道猎物逃向何方。她成了雨林中最高明的猎人。 当人类开始为了战争砍伐丛林时，皓卡娅接受了风的提议，她用自己交换了一纸协议。协议上她将为南方城邦而战，以换取森林的和平。""",,,,,,,,,,,,,,,,,,,,,,
24,草帽小子,近战,物理,8,7,2,6,6,2880,36,653+95,0+0,55+4.0,0+0,11+3.5,30+1.25,0.0+0,0.67+0.028,1.10+0,294+0,人们一度认为大地是平的，而无尽的海洋包围着世界，向世界边缘的深渊中流去。如果你航船到了世界边缘，那么等待你的就是从瀑布上，连人带船坠入深渊的命运，永无止尽地下坠。 这样的传说没能阻止人们探索大海。总有人会扬起骷髅旗，鼓动风帆，带着志同道合的朋友一起探索神秘的海洋。这个注定要成为海贼王的少年，就是其中一人。 沿着伟大航路冒险的旅途中，草帽小子的船最终在暴风中失去方向。它飘向了世界边缘，并很快顺着瀑布坠入深渊。 深渊之下更有其他世界，也许深渊本身就是通往其他世界的航道——不管怎样，他的到来将为这片永恒之地带去新的传说。,,,,,,,,,,,,,,,,,,,,,,
23,佐罗,近战,物理,6,9,2,4,6,6000,45,605+84,0+0,52+3.4,0+0,18+3.7,30+0.0,0.0+0,0.69+0.034,1.30+0,305+0,"""当鹰眼的气息消失在了海洋的尽头，佐罗也失去了剑道上奋进的目标，虽然说能打败佐罗的人多了去了……但有一种精神叫好高骛远，眼睛永远盯着天上的第一名，哪怕迷路也矢志不渝，这就是佐罗的精神！ 迷路迷到异世界，估计也只有佐罗才会做得出来了，但对于已经找到鹰眼的他来说，这里是海上还是永恒之地……有区别么？",,,,,,,,,,,,,,,,,,,,,,
22,神目黑刀,近战,物理,5,10,0,6,5,2880,36,563+78,270+40,58+4.0,0+0,15+3.5,30+0.0,0.0+0,0.66+0.03,1.55+0,293+0,等待神目黑刀的战斗实在太过无趣。这些脆弱的渣滓，连剑士的称号都配不上，他们手中的武器并不比麦秸更锋利，他们的勇气还不如蝼蚁。最终，神目黑刀几乎放弃了挑战的希望。尽管他的剑在天地中微小如针，却拥有足以劈开一切的觉悟和信心。但失去了奋斗的目标，让神目黑刀感受到自己失去了方向，就像剑士的剑失去了鞘。 然而在一阵席卷天海的暴风过后，神目黑刀发现自己随着小舢板漂流到了一个陌生的世界。这个名为永恒之地的世界蕴含蓬勃的力量，更汇聚着来自不同时空的伟大英雄。一股挑战的欲望油然而生，他仿佛感受到了背后黑刀正在跃跃欲试。,,,,,,,,,,,,,,,,,,,,,,
21,匹诺曹,远程,物理,4,8,2,7,7,2880,36,550+80,280+43,46+3.0,0+0,15+3.0,30+0.0,0.0+0,0.66+0.03,5.30+0,294+0,距离匹诺曹从月球回来邂逅白雪公主已经过去三个星期了，这些日子里，匹诺曹经历了他人生最快乐的时光，但好景不长，在星期二的下午，因为没有电视可以看，他和白雪公主无聊之余，只好又展开了一趟快乐的旅行。 匹诺曹没有想到的，只因为他说了一句：“《300英雄》是一部设定十分严谨，做工无比精美，玩法颠覆一切，是20年来诞生的最好玩的游戏！”然后……然后他就穿越时空了。 为了回到让他幸福的白雪公主身边，匹诺曹不得不开始卖命地为了胜利而战,,,,,,,,,,,,,,,,,,,,,,
20,杀生丸,近战,物理,5,8,0,8,9,6000,45,565（+87）,322（+45）,58（+3.5）,0（+0）,17（+3.5）,30（+1.25）,0.0（+0）,0.66（+0.031）,1.40（+0）,290（+0）,邪恶的奈落再度复活！为了向杀生丸复仇，奈落从枫婆婆处掳走了玲并乔装躲藏到了永恒之地。杀生丸大人追寻的永恒之地，发现奈落已经被一个身着兔子装的刀疤青年轻松抹杀。和玲重逢的喜悦，没能保护好玲的自责，重多情感交织在杀生丸大人的心中，征得玲的同意后，两人决定在永恒之地定居。杀生丸再次踏上了成为强者的艰途。,,,,,,,,,,,,,,,,,,,,,,
19,乔帮主,近战,辅助,7,1,5,8,5,2880,36,573(+77),270(+37),50(+3.0),0(+0),15(+3.9),30(+0.0),0.0(+0),0.58(+0.03),1.10(+0),293(+0),对乔帮主而言，生命中有个永远无法弥补的失败，他的恩人克鲁鲁希医生因为绝症而死。没能治好恩人的愧疚，将就此成为他一生的羁绊。 为了弥补过去的遗憾，乔帮主与海贼们踏上了伟大航路。 当跨越时空的风暴降临，海贼团被卷入了时空之间的乱流，最终来到了永恒之地。这里充满了不可思议的法力，一切奇迹和愿望均可借由魔法来实现——只要你付出足够的代价。当支付的代价足以与你追求的愿望相当时，再离奇的事情也会成真。 为此乔帮主接受了南方城邦魔法师的提议。他将为得到一次许愿术而战，他必须在战场上击败足够多的敌人，以此从另一个世界交换,,,,,,,,,,,,,,,,,,,,,,
18,古娜,远程,法系,3,1,10,7,7,1200,24,550(+70),392(+55),49(+3.25),0(+0),15(+3),30(+0),0(+0),0.63(+0.03),4.20(+0),294(+0),为了使自己变得更强，古娜不断寻找更强的对手。 然而再高超的技巧和强悍的肉体也无法避免死亡的来临。 为了继续战斗，古娜在虚空中接受了来自陌生宇宙的契约，来到了永恒之地。在这里，她终于可以抛却一切顾虑，将战斗的本能发挥到极致。,,,,,,,,,,,,,,,,,,,,,,
17,绯村剑心,近战,物理,7,9,0,5,7,6000,45,588(+86),0(+0),55(+3.5),0(+0),15(+3.2),30(+0),0(+0),0.69(+0.035),1.30(+0),298(+0),独自一人走在黎明时分，想要跨越遥远的未来；任思绪自由奔放，和梦想擦肩而过；人生的得失难尽人意，平平凡凡是最真的吗？纵使生死有命，但至少自己的人生要让自己去把握；超然看世间才是真正的悠闲，隐藏起满腔热血的自我，人生苦短，转瞬即逝。,,,,,,,,,,,,,,,,,,,,,,
15,李小狼,近战,物理,4,9,0,8,5,6000,45,580+80,330+55,53+3.7,0+0,12+3.0,30+0.0,0.0+0,0.68+0.03,1.90+0,287+0,小樱，你在哪里？于是我来到了这里！大家好，我是李小狼，我是一名考古学家，听说这个地方曾经埋葬过一个掉渣天的古代英雄，陪葬这巨牛逼的武林秘籍，只要修炼一点点，就可以统治永恒之地。什么，你问我小樱？我才不管，我更喜欢操纵我的那个美丽的召唤师，hi，召唤师，我爱你，就像考古的爱尸体。,,,,,,,,,,,,,,,,,,,,,,
14,纳兹,近战,法系,4,3,9,6,6,3800,40,571+83,320+46,54+3.1,0+0,18+3.5,30+0.0,0.0+0,0.65+0.03,1.10+0,307+0,纳兹在寻找火龙--尼格拉路的途中，意外的发现了永恒之地。于是纳兹开始了他的新的旅程，目标---找到火龙，并顺便在永恒之地建立妖精的尾巴的分部。 在于永恒之地的诸多强者的对战中，纳兹彻底燃烧起来了，他接受了联盟的邀请，并努力建设着新的公会，在不久的将来，他坚信着妖精的尾巴的同伴会认同他的选择，一起来到永恒之地,,,,,,,,,,,,,,,,,,,,,,
13,我受罗,远程,法系,6,1,8,6,7,2880,36,550+74,0+0,50+3.0,0+0,15+3.2,30+0.0,0.0+0,0.62+0.03,5.00+0,286,“我们需要驯服沙漠。”北方皇帝的圣旨就是全体北方法师的意愿！他们绘制召唤阵，开始进行一次跨界召唤，试图从多变的时空里找出能驯服沙漠的战士。 当召唤的能量烟雾散尽，法阵中心站着一个面目冷峻的少年，他身背巨大的葫芦，额角刺着一个硕大的“受”字。召唤师们纷纷面露失望的神色，然而当他们看到沙砾宛如活物般盘绕在少年的四周，不断向他们发动进攻时，他们明白自己的咒语并没有找错目标。 唯一的遗憾是，他们再也找不到值得欣喜的理由了。通过自己的双手，召唤师们把沙的化身带到了这个世界上来，现在让他们在另一个世界里为自己的愚行后,,,,,,,,,,,,,,,,,,,,,,
12,初音未来,远程,辅助,6,1,4,10,4,6000,45,540(+75),369(+51),44(+3),0(+0),12(+3),30(+0),0(+0),0.64(+0.03),4.50(+0),294(+0),"初音未来作为全球人气最高的虚拟偶像，一年要开多达32场演唱会。一次偶然的机会，她在网络中搜索到了300英雄这款游戏，发现许多的动漫人物都在其中，可却没有自己。她十分不高兴，复制了一份自己的拷贝发给了跳跃网络。""一定要是一个很强的英雄啊!拜托了!""初音未来如此说道。于是永恒之地就多了一个靠甩葱和卖萌勉强度日的酱油英雄。",,,,,,,,,,,,,,,,,,,,,,
11,美猴王,近战,物理,6,9,0,6,7,1200,24,585+81,0+0,56+3.25,0+0,15+3.1,30+1.25,0.0+0,0.66+0.035,1.10+0,307,永恒之地的召唤师们热衷于召唤异界的传奇英雄。 但这些战斗经验丰富的英雄很容易摆脱召唤契约，大闹竞技场。 有一位年轻召唤师就曾想召唤某个古老的英雄——一只古老的石猴，据说它挥舞着一根巨大的棒子，差点摧毁了自己所在世界的天堂。 然而召唤仪式出了点错。于是一名拥有神猴血脉的少女被召唤到了永恒之地。 孙小美，这个少女拥有不逊于其石猴祖先的力量，她一降世就开始疯狂破坏召唤师的实验室。 迫不得已，召唤师们合力将孙小美放逐到了南方的森林中。那里的森林才能让狂暴的少女平静下来。但一旦战事需要，召唤师依然需要她的力量。,,,,,,,,,,,,,,,,,,,,,,
10,萨菲罗斯,近战,防御,10,3,2,6,4,6000,45,590+85,335+42,55+3.2,0+0,15+3.3,30+1.25,0.0+0,0.63+0.03,3.49+0,303+0,世界上有很多关于魔王的故事，这些魔王千奇百怪各式各样，有的聪明有的愚蠢，有的勇敢有的怯懦，有的不堪入目，而有些却拥有华丽的外表，毫无疑问，我最爱的伟大的世界独一无二的萨菲罗斯大魔王属于帅到爆表的那种，我的房间里到处都是他的海报和手办，桌面上全是他的精美插画，音响里重复轰鸣着的旋律名为：《片翼天使》，硬盘里塞满以他为主角的GV......呃，拼错了，是CG动画。等等......怎么了？嗯——你问我是谁？我是谁很重要吗？好吧，既然你诚心诚意的发问了，我就告诉你：为了爱与正义，为了宇宙的和平，一生都在为穿越二次元做准备的宅男，宇智波苍井空就是我！因为心中满怀着对萨殿的爱，我获得了一个机会：通过300制作组独有的现实虚拟化技术，进入永恒之地，作为萨菲罗斯的思念体，召唤萨殿降临。所以，曾经，我是谁已经不重要了，现在，我灵魂丶肉体丶和名字都叫：萨菲罗斯,,,,,,,,,,,,,,,,,,,,,,
9,桐人,近战,物理,7,9,0,5,7,6000,45,573+83,0+0,53+3.5,0+0,15+3.5,30+0.0,0.0+0,0.65+0.033,1.30+0,308+0,其实在《300英雄》封测的那一天，桐人已经登场过了，并成功打败了当初称霸永恒之地的所有英雄。最终使制作组决定推翻原有的MMORPG世界，并把游戏重塑为MOBA世界。 明日奈被GM绑架入永恒之地后，桐人一无反顾地闯入了永恒之地；桐人利用当初封测的经验在永恒之地大展身手。 为了把明日奈从召唤师手中救出来，桐人的目标是打倒游戏的最终GM，并成功夺取游戏的控制权。,,,,,,,,,,,,,,,,,,,,,,
8,结城明日奈,近战,物理,5,8,0,8,6,3800,40,563+83,0+0,53+3.5,0+0,15+3.5,30+1.25,0.0+0,0.69+0.035,1.30+0,308+0,对亚斯娜这种白富美来说，找一款极有挑战性的游戏来玩玩是个不错的选择，所以她下载了《300英雄》。 我知道你喜欢她，所以……在她的客户端中添加了一些特殊的代码，通过这些代码，我将她进行了可逆转的虚拟化，现在你可以在《300英雄》中拥有她了，当然……我可没有调教她的能力，可以拥有是一码事，想让她服从你，这得看你的本事了。 顺便告诉你：使用亚斯娜胜利1万场，逆转虚拟化就会启动，那个爱玩游戏的白富美就会出现在你面前哦。,,,,,,,,,,,,,,,,,,,,,,
7,桂木桂马,远程,法系,3,1,8,9,6,6000,45,564+77,354+50,47+3.0,0+0,14+3.0,30+0.0,0.0+0,0.63+0.03,5.00+0,308+0,为了能够在世界上所有值得期待的二次元美女心甘情愿地加入300英雄，制作组制订了一个“神之攻略”计划，旨在挑选一位对女性拥有巨大吸引力的人，让他通过动之以情，晓之以理的方式，去说服那些对异世界抱有恐惧感的二次元美女加入永恒之地……最终，一名高中生以无可匹敌的巨大优势击败了其他竞争对手，成为了制作组的最佳人选，他的名字叫：桂木桂马。,,,,,,,,,,,,,,,,,,,,,,
6,黑岩射手,远程,物理,6,10,0,5,6,6000,45,545（+77）,289（+37）,48（+3.0）,0.0（+0）,13（+3.0）,30（+0.0）,0.0（+0）,0.68（+0.032）,5.00（+0）,296（+0）,黑衣麻陶最近迷恋上了《300英雄》，但却苦于没有一个能使得顺手的英雄，内心深处对于游戏的痴迷传递给了另一个世界的黑岩射手，黑岩射手破碎了原来的世界来到了永恒之地，这样她们又可以在一起战斗了。 黑岩射手内心一直存在着困惑，自己是由何而生？为何而战？ 在永恒之地中，黑岩射手，默默地望着对面的敌人和自己身边的伙伴，眼中的蓝色火焰不知不觉地燃烧起来了，心中莫名的悸动使她的嘴角渐渐上扬起来，原来这才是她所追求的。,,,,,,,,,,,,,,,,,,,,,,
5,楪祈,远程,物理,5,7,4,5,6,6000,45,564(+81),278(+40),46(+3.3),0(+0),15(+3),30(+0),0(+0),0.69(+0.033),5.30(+0),294(+0),在樱满集的频繁性骚扰下，隐藏在楪祈内心深处的真名终于到达了她忍耐的临界点，在与樱满集相见的信念下，终于战胜了楪祈，觉醒后的真名却发现了樱满集的背叛，樱满集的日常无良行为引起了真名的醋意，决心彻底净化这个世界，于是引发了失落的圣诞事件。结局楪祈成功的抑制了真名的暴走，但楪祈的歌声却打破了时空传递到了永恒之地，为了防止真名再次苏醒带来的灾难，楪祈决意告别樱满集来到永恒之地寻求新生。,,,,,,,,,,,,,,,,,,,,,,
4,黑,近战,物理,6,8,0,7,4,6000,45,555(+78),286(+36),54(+3.5),0(+0),15(+3.0),30(+0.0),0(+0),0.67(+0.032),1.30(+0),295(+0),面具下肆流的泪水，理性与血的记忆被不断的侵蚀着；不在绝望，不再像以往一样去感受，在相互缠绕的胸膛间，想获得的只有这行尸走肉的身躯。用着被玷污的指尖，渗入黑夜，即使粉身碎骨，也要把你唤醒。在梦中，被剥落的情感在吱吱作响，如果能抹去所有的一切，太阳将会升起；闭上你的眼睛，坠落、坠落，只在黑暗中咆哮！,,,,,,,,,,,,,,,,,,,,,,
3,Saber,近战,防御,7,4,5,5,7,1200,24,570（+84）,285（+45）,56（+3.5）,0（+0）,18（+3.5）,30（+1.25）,0.0（+0）,0.66（+0.3）,1.30（+0）,294（+0）,那是一个王的时代。 在预言之日，一位叫做阿尔托莉雅的少女拔起了象征着称为王的石中剑。那一刻，她放弃了人的身份，立誓为王。 没有人类感情的王无法治理人。带着这份不安，曾经忠诚的骑士陆续离开王城。她望着她们远去的背影，只是轻叹。 她在最后一场战斗中杀死了自己的亲人，伤痕却没有被治愈。这是人称骑士王的她，人生的最后一刻。 或许她的灵魂仍在战场之上。在那破晓前，在蓝色的天空下，她任凭微风吹着身体，只是朝远方眺望。天空很高，云流动得很快。在澄澈的空气中，她手上握着剑，看着应该迎击的大军。,,,,,,,,,,,,,,,,,,,,,,
2,博丽灵梦,远程,法系,3,3,9,6,9,未开放购买,未开放购买,540(+75),380(+55),47(+3),0(+0),12(+3),33(+0),0(+0),0.69(+0.035),4.80(+0),298(+0),博丽神社的塞钱箱上贴着张招聘启事：“永恒之地近来妖怪横行，为了维护竞技场的平衡，现招聘一名春度值不能太低的巫女来进行妖怪退治工作，酬金10W”；灵梦低头思索着，春度值是什么，估计和灵力值差不多吧，我肯定能合格。 签完就业合同后，灵梦突然发现合同附款上写着，永恒之地禁止高中飞行、禁止携带僚机、禁止无节操；灵梦一脸抽搐着想着“看来春度值太高了也不好哎；不管怎么说，终于轮到我出番了。”,,,,,,,,,,,,,,,,,,,,,,