id,name,快捷键,冷却时间,技能消耗,Information
148,奥义之源,被动,,,每次获得/失去长剑时将获得15%移动速度加成，可叠加2层，持续2秒。
148,审判之刃,Q,8/7/6/5/4　/　8/7/6/5/4,40法力值/无消耗,剑模式：将手中掷向指定目标地点，对沿途的敌人造成50/85/120/155/190(+0.5额外)物理伤害。长剑到达指定地点会停留原地，期间进入拳模式。拳模式：将剑收回手中，并对沿途的敌人造成40/60/80/100/120(+0.6额外)物理伤害。长剑离开自身2000范围后会自动飞回伊莎手中，经过处于地面的长剑也会将长剑收回手中。收回大剑才开始计算冷却时间。
148,不灭之意,W,12/11/10/9/8秒　/　10秒,40/40法力值,剑模式：以自身为中心挥动长剑，对范围敌人造成60/110/160/210/260(0.7全)物理伤害并降低目标10%/15%/20%/25%/30%护甲，提升自身10%/15%/20%/25%/30%护甲和法术抗性。拳模式：获得一个可以吸取50/100/150/200/250(0.45全)伤害的护盾，持续四秒。护盾存在期间增加30%攻击速度，每次攻击回复10/15/20/25/30(0.24额外)点生命值。在长剑飞行过程中释放技能，长剑会在空中旋转，对碰到的目标造成该技能等额的伤害，并且同时获得两种形
148,瞬息万变,E,16/15/14/13/12秒　/　12/11/10/9/8秒,无消耗/无消耗,剑模式：挥动长剑对前方矩形范围内敌人造成50/90/130/170/210(0.52额外)物理伤害并降低对方30%移动速度，持续两秒。拳模式：向指定方向蓄力，在3秒内释放后向指定方向冲锋，击飞沿途的敌人并造成50/90/130/170/210(0.48额外)物理伤害，冲锋过程中碰撞到第一个英雄后停止冲锋。在长剑飞行过程中释放技能，伊莎会快速瞬移带长剑所在位置，接住长剑向地面重击，对敌人造成50/90/130/170/210(0.48额外)物理伤害并眩晕目标1秒
148,永恒破碎,R,100/90/80秒,60/80/100法力值,斩向前方，击飞沿途的敌人并造成200/300/400(0.6额外)物理伤害。
147,诅咒之血,被动,,,普通攻击或被普通攻击时（包括闪避格挡），会给目标附加一层诅咒之血效果，每层降低目标3/4/5/6护甲，持续6秒，可叠加6层，在6/11/16级升级
147,血之护盾,W,14/13/12/11/10秒,无消耗,被动效果：以剑化盾，有6/7/8/9/10%概率格挡普通攻击。若攻击者有诅咒之血效果，每层增加2%格挡几率。成功格挡后，会降低攻击者25%攻击速度，持续2秒。主动效果：获得护盾，吸收50/100/150/200/250（+0.5全AD）伤害护盾，持续3秒，护盾持续时间自身增加20%移动速度和攻击速度。若护盾被敌人击碎，会给周围5码范围的目标增加一层诅咒之血，并降低35%移动速度，持续2秒。
147,鲜血莲花,Q, 9/8/7/6/5秒,20/24/28/32/36生命消耗,挥舞太刀，对自身周围的角色造成50/90/130/170/210（0.6+全AD）物理伤害，可触发诅咒之血。命中已经有诅咒之血的目标，会回复（0.05全AD）目标被攻击前诅咒之血的层数的生命值，对英雄效果翻倍。
147,血脉牵引,E,17/16/15/14/13秒（不享受冷却缩减）,20/22/24/26/28生命消耗,被动效果：每降低4%生命值，提高1%攻击力。主动效果：朝目标突进并造成（1.0全AD）物理伤害并减速40%，持续2秒，若目标身上存在5层诅咒之血，则眩晕1.5秒。每层诅咒之血效果，减少该技能1秒冷却时间。
147,血液爆发,R,90/80/70秒,无消耗,5秒内无视距离持续引爆存在诅咒之血的英雄单位，每0.5秒移除一层诅咒之血并早餐20/25/30（+0.2全AD）物理伤害。引爆英雄单位会基于目标为中心造成3码范围伤害，直至目标诅咒之血完全移除，或技能持续时间结束。技能持续期间内新增诅咒之血依然会在0.5秒后引爆，栗山未来自身也会不断触发血液爆发的范围伤害和效果。
146,世界线跳跃,被动,无,无,"每释放一次技能，世界线变动率增加10%,世界线变动率达到100%时，激活世界线跳跃，使牧濑红莉栖免疫1次自本世界英雄的伤害，世界跳跃发生后，世界线收束，变动率清零。"
146, 不可逆のネクローシス,Q,9/8/7/6/5秒,40/55/70/85/100法力值,使时间之力具象化朝前方发射，对沿途的怪物单位造成55/95/135/175/215+（0.6全AP）法术伤害。将第一个碰撞到的敌方英雄锁定一单位2秒并且获得3秒视野，2秒后对其造成55/95/135/175/215+（0.6全AP）伤害如果目标在该技能锁定期间或伤害生效时死亡，则该技能变成为较小范围的AOE伤害，造成55/95/135/175/215+（0.6全AP）（该技能直接碰撞到处于アポトーシ状态的敌方英雄，必定触发范围伤害效果）
146,怨嗟断愁のアポトーシス,W,14/13/12/11/10秒,50/60/70/80/90法力值,对敌方英雄使用，目标在接下来受到的全部伤害将在3秒后或达到承受伤害上限后，以一个3秒的持续魔法伤害形式，再次受到伤害，承受上限50/100/150/200/250（0.8全AP）对己方英雄使用，己方英雄在接下来3秒免疫受到的全部伤害，将在3秒后或则达到承受伤害上限后，对己方英雄造成3秒的持续魔方伤害，持续伤害最多减低至1生命值，不会致死，承受上限50/100/150/200/250（0.8全AP）
146,时间跳跃のパラノイア,E,15/14/13/12/11秒,20/25/30/35/40法力值,一段：对指定区域召唤时间齿轮，标记目标区域的敌方英雄并在地面上留下时间标记，对区域内的敌方单位60/105/150/195/240+（0.7全AP）法术伤害同时减少15%的移动速度，持续3秒，并获得二段技能二段：3秒内可将一被标记的敌方英雄传送至时间标记处，并造成60/105/150/195/240+（0.7全AP）法术伤害，刷新其アポトーシス的持续伤害的。
146,无限连锁のアポトーシ,R,120/100/80秒,100法力,对指定区域释放无限连锁のアポトーシ，持续4秒，牧濑红莉栖使用技能对区域内的敌方英雄造成伤害的同时区域内其他单位会承受20%的魔法伤害（包括被攻击的目标），队友技能造成的伤害享受一半的效果。若魔法阵内有敌方英雄死亡，则对阵内单位造成50/100/150（0.5全AP）的法术伤害。
145,御坂网络,被动,无,无,脱离战斗后每秒会恢复10点电极，第三次普通攻击耗费10点电极并对目标及周围造成溅射伤害，。普通攻击/基础技能伤害会活动百分比提升，提升百分百相当于当前电极的5%/10%。
145,践踏,Q,16/15/14/13/12秒,20电极/无耗费/无耗费,践踏：一方通行操作风的矢量，飞跃到目标区域，重击地面造成40/70/100/130/160+(0.6额外）范围物理伤害，并增加30移动速度，持续2秒。如果对目标造成伤害，则触发“弹射”技能，没有造成伤害，则触发“飞射”技能。弹射：一方通行反射飞石向上击退目标，造成40/6/80/100/120(+0.56额外)物理伤害。飞射：向前踢出飞石，对目标造成40/60/80/100/120(+0.56额外)物理伤害，并降低目标30%移速，持续2秒
145,绝对屏障,W,18秒【不享受冷却缩减】,30电极,主动效果：召唤防御屏障，在1.5秒内格挡敌方绝大部分飞行轨迹（防御塔除外），并且会朝目标方向反射一颗空气子弹，对碰撞的目标造成65/100/135/170/205(+0.64额外）物理伤害。对同一目标的反弹间隔为0.5秒，碰撞到第一个英雄后消失。
145,黑色之翼,E,18/17/16/15/14秒,无消耗,一段：一方通行获得未知神秘力量，背后会长出黑色之翼，标提高自身9%/11%/13%/16%/18%护甲穿透和20%/30%/40%/50%/60%攻击速度，持续6秒，并在6秒内获得二段：黑色风暴黑色风暴：黑色之翼变换为黑色龙卷风，对前方敌人造成40/70/100/130/160(+0.55全AD)物理伤害.并减速命中单位30%的移动速度，持续2秒。
145,等离子聚合体,R,120/100/80秒,无消耗,一方通行收集气体，蓄力2秒后汇集成能量球向指定区域释放，造成300/450/600(+1.0全AD）物理伤害
144,破军歌姬,被动,20秒,无消耗,"美九每20秒会获得破军歌姬状态强化普通技能
美九的普通攻击会减少破军歌姬的冷却时间1秒。"
144,轮舞曲,Q,10秒,45/55/65/75/80法力值,美九通过音乐制造强大的音波，前方扇形造成65/105/145/185/225（+0.5ap）的范围魔法伤害并降低目标移动速度30%，持续2秒。破军歌姬：轮舞曲伤害范围+100码并眩晕0.5秒。
144,镇魂曲,W,12秒冷却时间,60, 美九弹奏镇魂曲有镇痛的力量，恢复听到歌曲的友方英雄40/65/90/115/140（0.6ap）的生命值。破军歌姬：对一名友方英雄持续镇痛，获得30/60/90/120/150（+0.6ap）护盾，持续5秒，护盾结束后40%/50%/60%/70%/80%护盾值将转换为生命值。
144,独奏曲,E,12秒,40/50/60/70/80法力值,美九对一个目标(可以对友方使用）进行独奏，0.5秒后独奏的音波将以该单位为中心扩散，击退300码内敌方单位造成40/70/100/130/160（+0.5ap）法术伤害。破军歌姬：独奏曲的音波扩散的3秒后再次扩散，击退敌方单位。
144, 管风回音,R,120/110/100秒,120,美九在自身周围召唤大量音管，1秒后弹奏管风琴迷惑人心，敌方英雄听到管风琴将会进入眩晕状态，持续3秒。
143,数据备份,被动,300秒,无消耗,蒂塔死亡后，会进入断线模式并进行能量补充。可以移动，但是移动速度降低70%。能量补充时间结束后，蒂塔将在基地复活。断线模式时，队友可在300娘身边使300娘复活复活时，蒂塔和队友无法移动，施法，可打断。冷却时间300秒。
143,数据投影,Q,8/7/6/5/4秒,40/45/50/55/60法力值,本体释放：300娘向指定方向投射数据模组，命中目标或到达最大距离后展开，对范围内的所有敌人造成40/80/120/160/200（+0.8AP）法术伤害，并偷取所有命中目标的部分属性（英雄5点攻击力与法术强度，非英雄1点攻击力），随后数据返回，在爆炸中心复制出300娘的投影（无法移动，投影初始属性为300娘的50%，偷取的属性会转移至投影）.投影释放：向目标点投射数据模组，对碰撞到的单位造成20/40/60/80/100（+分身的0.8AP）法术伤害
143,数据复制,W,10秒,40/45/50/55/60法力值,本体释放：300娘向指定方向发射数据线，命中目标后造成30%减速并每秒持续受到20/30/40/50/60（+0.2AP）法术伤害，持续3秒。投影释放：投影向指定方向发射数据线，命中目标后造成30%减速并每秒受到10/15/20/25/30（+分身的0.2AP）点法术伤害，且分身伤害的30%将治疗本体。如果自身与分身同时命中一个目标，可再次使用w技能，将自身与分身位置互换。若数据复制与目标存在3秒后仍然未被拉断，则会对目标造成1S眩晕
143,数据转换,E,16/15/14/13/12秒,90法力值,300娘对目标英雄添加数据转换区。友方效果：转换器存在时增加其10/20/30/40/50攻击力与法术强度，降低攻击者10/20/30/40/50攻击力及法术强度，存储受到的伤害。转换器消失后，会将存储的伤害值转换为护盾，护盾值为基础50/10/150/200/250点加上存储的伤害，最多不会超过目标最大生命值。若场上存在300娘投影，则会将投影属性缓慢转移到目标身上。敌方效果：攻击身上存在的转换器目标，会为攻击者增加所造成伤害10%的护盾。
143,数据删除,R,141秒,150法力值,被动效果：300娘伤害技能命中敌方目标后（不限且包括Q+Q分身，QW，W+W分身），会对扫描目标的弱点，伤害技能再次命中被扫描目标则扫描完成，伤害技能对完成扫描的敌人造成最大生命值3/4/5%魔法伤害。主动效果：300娘在指定位置召唤闪电，闪电矛将附近数据进行扩散性删除，在范围内所有敌方单位会进入数据虚空4秒，离开数据虚空后，会对敌方单位造成225/350/475（+0.9AP）法术伤害。若敌方单位被扫描完成，则会在数据虚空内直接造成伤害，血量低于5/10/15%，则会将其直接删除（斩杀）。
142,勇气徽章,被动,,,每次普通攻击获得5点怒气，暴击获得10怒气，击杀敌方英雄获得20怒气，自身800范围内死亡一名已方小兵则获得1点怒气，死亡一名友方英雄获得20点怒气，怒气上限100，每2点怒气提高1%攻击速度
142,恐龙克星,Q,7/6/5/4/3秒,无消耗,被动效果：普通攻击与恐龙克星会给目标附加一层标记，持续3秒。若目标已存在2层则消耗标记，造成50/70/90/110/130（0.5额外AD）法术伤害并减速35%，持续1秒。主动效果：战斗暴龙兽挥舞龙爪，对扇形范围内的敌人造成20/40/60/80/100（+1全AD）物理伤害，并降低目标15%护甲，持续2秒。20怒气额外效果：消耗20怒气，获得双倍减甲效果。
142,勇气之盾,W,15秒,无消耗,被动效果：战斗暴龙兽每次释放其他技能都会减少此技能1秒冷却时间。主动效果：战斗暴龙兽激活勇气徽章，给自身添加一层可以吸收40/80/120/160/200（+0.4全AD）伤害的护盾，护盾存在2秒，每50点额外攻击力，延迟护盾1秒，最长5秒。若护盾被敌人击溃，获得20怒气，并且4秒内下一次恐龙克星会击晕目标，持续1秒，若此时怒气值大于50，则眩晕时间增加至1.5秒
142,战斗龙卷风,E,14/13/12/11/10秒,无消耗,战斗暴龙兽高速旋转向目标方向发起一次冲锋，对路径上的所有敌方单位造成50/85/120/155/190（+0.5额外AD）物理伤害，并击退目标一小段距离。15怒气额外效果：战斗暴龙兽怒气落地后，增加150%移动速度持续1秒
142,盖亚能量炮,R,100/85/70秒,无消耗,战斗暴龙兽向目标区域投掷盖亚能量炮，造成250/400/550（+1AD）点物理伤害。
141,战列舰,被动,,,战列舰装甲：1级护甲提高5点，战列舰火炮：1级炮弹携带上限为10，普通攻击和技能每次会消耗一枚炮弹，战斗状态下每5秒补充一枚炮弹，非战斗状态下每2秒补充一枚炮弹，当有炮弹消耗时附加10/20/30（+0.3额外攻击）物理伤害并触发普通攻击以外其他技能的额外效果，该技能会在9/18级时得到提高，每次增加5点护甲和5枚炮弹。
141,九一式彻甲弹,Q,9/8/7/6/5秒,30/40/50/60/70,朝指定方向发射一枚九一式彻甲弹，对敌人造成40/80/120/160/200（+0.6额外AD）物理伤害。成功消耗一枚炮弹：使该伤害自带40%护甲穿透。
141,三式对空弹,W,12/11/10/9/8秒,35/45/55/65/75法力值,朝指定方向发射三式对空弹，对小范围敌人造成50/80/110/140/170（+0.75额外AD）物理伤害。成功消耗一枚炮弹：爆炸造成伤害的同时燃烧目标，每秒造成10（+0.3额外AD）法术伤害持续3秒
141,水面侦察机,E,20/18/16/14/12秒,无消耗,朝指定方向放出水面侦察机（免疫时停），获得被侦查到的目标视野并对该目标造成的伤害提高5/10/15/20/25%，受到被侦查目标的伤害减少5/10/15/20/25%，持续4秒
141,主炮齐发,R,105/90/75秒,150法力值,对身前扇形区域进行5次轰击，每次造成30/50/70（0.5全AD）物理伤害。每轮成功消耗一枚炮弹：减少目标移动速度和攻击速度10%，可叠加5层，持续2秒
140,壳金七星,被动,,,游戏开始时亚里亚拥有7层壳金，每层壳金可以降低1%受到伤害以及1%物理吸血。当亚里亚被敌方英雄击杀时，敌方从亚里亚处获得一层壳金。每损失1层壳金亚里亚获得2%攻击力加成。当亚里亚击杀持有壳金的敌方英雄时，她将回收1层壳金。壳金的增益效果仅对亚里亚有效
140,双剑姿态/双枪姿态,Q,3,无消耗,亚里亚切换至近战双剑姿态，增加5/10/15/20/25点固定护穿，3秒内下一次普通攻击附加50/70/90/110/130（+0.75额外AD）点物理伤害。亚里亚切换至远程双枪姿态，普通攻击有10/15/20/25/30%概率攻击2次。第2次攻击造成一半的伤害。第2次攻击可以附加暴击效果，但只有第一次攻击会附带装备特效。切换到双抢姿态后3秒内下次攻击绝对触发第二次攻击。
140,接近枪斗术/双剑回旋刃,W,18/16/14/12/10秒/11/10/9/8/7秒,40/45/50/55/60法力值,被动效果:亚里亚根据与被动攻击目标之间的距离增加额外伤害。距离越近额外伤害越高，最多增加10/15/20/25/30（+0.3~0.1额外ad）[根据距离伤害发生变化越近伤害越高]，该被动效果仅在双枪姿态下有效。主动效果:向目标进行强力射击，对目标单位造成75/125/175/225/275（+0.9额外AD）点物理伤害。被动效果:亚里亚获得5/10/15/20/25点双抗，该被动效果仅在双剑姿态下有效。主动效果:旋转剑刃，对范围内所有目标造成30/60/90/120/150（+0.5全AD）点物理
140,武侦强袭,E,22/21/20/19/18秒,40/45/50/55/60法力值,被动效果:亚里亚对一个目标进行普通攻击时会提高12/14/16/18/20%攻击速度并降低武侦强袭0.5秒冷却时间。提高的攻击速度持续3秒，最高可叠加到5层。当亚里亚改变攻击目标时，会失去全部叠加层数。主动效果:亚里亚提高40/45/50/55/60%移动速度，持续3秒。每次对敌方单位进行普通攻击会降低1秒冷却时间。
140,绯绯神,R,60/50/40秒,100法力值,"亚里亚化身为随战斗本能和爱情而动的灾祸化身,提高自身10/20/30%造成的伤害和150/250/350点生命上限，并且获得不可阻挡效果，免疫所有控制，持续5/6/7秒。持续时间内每击杀一个敌方英雄可延长1秒持续时间。绯绯神状态结束后亚里亚进入虚弱状态，降低20%/15%/10%攻击力，持续3.5秒。亚里亚每拥有一层壳金可减少持续时间0.5秒。"
139,信仰之力,被动,无,无,诺瓦露周围所有英雄可以增加诺瓦露4%攻击力与攻击速度.当目标英雄身上有剑痕时，诺瓦露打个响指，引爆有剑痕的英雄。
139,蕾丝狂舞,Q,8/7.5/7/6.5/6秒,50/60/70/80/90,诺瓦露用脚踢飞目标，造成40/70/100/130/160（0.65额外ad）点物理伤害，如果目标身上有灼热之痕状态，则给目标附加减速30%，持续3秒
139,暴风之剑/无限剑斩,W,16/15.5/15/14.5/14秒,60/65/70/75/80,暴风之剑：诺瓦露向前方进行挥斩，造成40/80/120/160/200（0.75额外ad）点物理伤害无限剑斩：诺瓦露向目标冲锋，并给英雄身上叠加剑痕状态，持续4秒可获得身上有剑痕状态的英雄视野，状态时间结束后自动引爆剑痕，冲锋冷却时间随着攻速成长而降低。当敌方英雄身上存在剑痕时，可使用被动键来引爆敌方英雄，造成45/90/135/180/225（0.65额外ad）点物理伤害，超过一层时，每增加一层剑痕可额外提高20%伤害
139,火山俯冲,E,12/11/10/9/8秒,50/55/60/65/70,向前方进行挑斩，跳斩后向前方连续放出三个火柱，火柱造成60/95/130/165/200（0.8额外ad）点物理伤害，并附加灼热之痕状态，持续3秒。
139,七色乱舞刃,R,100/90/80秒,70/80/90,一段：诺瓦露锁定一个英雄，对其发动突袭，造成0.5s眩晕和120/160/200（0.5额外ad）点物理伤害，随后5s内诺瓦露将对周围目标造成50/70/90（0.2额外ad）点物理伤害二段：诺瓦露将升空，从天而降暴击目标，对范围内敌人造成120/160/200（0.8额外ad）点物理伤害，同时对目标附加60%减速，持续1s。（技能释放期间诺瓦露免疫控制，升空后无法被选中）
138,克图格亚的活火焰,被动,,,克图格亚星人拥有“从濒死状态恢复，战斗力会增强”的特性。生命值每降低3%，则受到的治疗效果提升1%，当生命值低于30%，则炎精灵造成的伤害转化的生命值提高100%。
138,宇宙CQC百式·炎之精灵,Q,14秒,50法力值,召唤6个克图格亚的眷属炎精灵浮游炮围绕自身，对四周的敌方单位进行自动攻击造成8/16/24/32/40+的物理伤害，持续4秒每0.5秒早场一次伤害.炎精灵造成伤害的15%转化为生命值治疗克子.
138,难以名状之棒状物体火焰邪神原版,W,15秒,70法力值,"被动效果：克子的攻击或技能命中敌方英雄后会附带灼伤，每秒造成目标上限2%的法术伤害对野怪最多造成200点，持续3秒主动效果：护甲和魔抗提高10点，移动速度25%,持续5秒."
138,交换灼热机制,E,15秒,60法力值,克子会在脚下的小范围召唤克图格亚师门的大地，持续3秒。对范围内的敌人造成10+物理伤害每0.5秒造成一次伤害，并每秒叠加10%的减速.范围内的友军提高护甲和魔抗20点.减速效果会在敌方离开克图格亚师门大地后，继续保持2秒
138,宇宙CQC百式·零一牺牲,R,120秒,当前生命值20%,烈焰中舞动的火花，将赐予邪恶异性交往以天罚！克子化身为炙热的火焰冲向敌方英雄.自己受到自身受到当前生命值的20%的法术伤害，对目标造成其最大生命值20%的法术伤害.并眩晕目标1秒.法术伤害均受到魔抗影响.
137,无忧的茶会,被动,无,无,巴麻美每次击杀/助攻时可以净化灵魂宝石，获得2/1层净化度，最高10层，每层增加2/5秒法力回复。死亡后灵魂宝石陷入污浊（净化度归零）。附近存在友方英雄时，每一个友方英雄都会给你增加百分比灵魂宝石层数的攻速。
137,魔弹的舞踏,Q,18/17/16/15/14秒,30/40/50/60/70,召唤出最少3把，最多7把围绕自身随即数量的火枪，持续8秒。对目标造成10/20/30/40/50+（0.3全AD）额外的物理伤害，每把未消失的火枪提高15%的攻击速度。攻击200范围外的目标造成15%的减速，持续2秒，攻击200范围内的目标会造成击退并减速，8秒内无法对同一目标造成击退。
137,织叠的羁绊,W,18/17/16/15/14秒,50/60/70/80/90,对指定方向放出丝带，命中敌方英雄后将其定身0.75秒拉断后降低到0.5秒，丝带会缠绕400范围内另一名敌方英雄，并降低40%移动速度，丝带持续2秒。丝带持续4秒，期间其中一名英雄受到巴麻美伤害时，另一名也会受到35%的伤害。丝带超过700范围时会被拉断，造成70/110/150/190/230+（0.7AP）法术伤害，并定身1秒。
137,燧火的回声,E,16/15/14/13/12秒,50/60/70/80/90,被动效果：每3次普通攻击随即召唤1~5把（上限随着技能等级提升）火燧抢，每把火燧抢提高10+（0.15全AD）普通攻击伤害。主动效果：召唤火燧抢朝目标区域随即打击4秒，对击中的目标造成10/20/30/40/50+（0.3全AD）物理伤害并减速25%，同一单位只受到后续伤害的30%，持续1秒
137,少女的终曲,R,120/105/90秒,100,向指定方向发射炮弹，炮弹碰撞敌方英雄时产生爆炸，对范围目标造成300/450/600+（1.2全AD）额外物理伤害
136,雷光战斧,被动,无,无,雷光战斧拥有形态切换能力，每个形态的被动效果只有在该形态下有效，切换后则移除效果。菲特每使用基础技能会复回2%生命值并减少R技能一秒冷却时间.
136,强袭形态【雷光枷锁】,Q,18/16/14/12/10秒,50/60/70/80/90,主动效果；运用雷光锁定指定区域内的敌人，每秒对其造成20/40/60/80/100+（0.6AP）的法术伤害，持续5秒
136,巨镰形态【巨镰斩击】,W,18/17/16/15/14秒,50,主动效果：雷光战斧切换至巨镰形态，可瞬移到指定地点，并向前方扇形范围造成50/85/120/155/190+（0.5AP）法术伤害
136,圣刃形态【雷霆圣剑】,E,12/11/10/9/8秒,40/50/60/70/80,被动效果：移动速度提高10%，每次普通攻击会附带5/10/15/20/25+0.25AP法术伤害主动效果：雷光战斧切换至圣刃形态，菲特挥舞圣刃朝指定方发出直线斩击，对沿途的敌方造成60/100/140/180/220+(0.6AP）法术伤害
136,雷光战斧·天翔,R,0秒[不享受冷却缩减],无消耗,"被动效果：使用基础技能可切换对应技能的形态雷神震怒：运用雷光锁定指定区域的敌人1.5秒，对其造成持续伤害巨镰裂斩：挥舞巨镰，对身边敌人造成伤害并减速30%,持续1.5秒雷焰圣刃：用飓风将指定范围的敌人定身0.5秒，随后用远距离斩向目标区域，对目标及沿途单位造成伤害"
135,二天一流,被动,,,妖梦灵活运用‘白楼剑’和‘楼观剑’两把剑御敌，所有技能将造成混合伤害（混合伤害：将根据目标的物理，法术抗性与自身的物理法术抗性自动选择最优的类型结算伤害）
135,剑技“樱花闪闪”,Q,12,50/60/70/80/90法力值,妖梦向指定方向突进，并对途径的敌人造成50/95/140/185/230（+0.8AD额外）混合伤害，并在身后留下存在3.5秒的樱色剑闪，对范围内敌人每0.5秒造成15/25/35/45/55（+0.15AP[全]）混合伤害
135,空观剑“六根清净斩”,W,15/14/13/12/11秒,70法力值,一段：妖梦在两秒内用白楼化解受到的伤害，在受到英雄攻击时可以免疫该次伤害，若目标距离妖梦800范围内则会标记目标。二段：4秒内妖梦可幻化6道幻影斩杀目标，对其造成50/100/150/200/250（+0.8AD额外]）（+0.5AP[全]）混合伤害并眩晕1秒，随后出现在目标身边（幻影期间妖梦无敌并且无法被选中）。若期间妖梦化身幻影，则技能增加10秒冷却时间
135,六道剑“一念无量劫”,E,10/9/8/7/6秒,50法力值,妖梦对目标敌人造成20/45/70/95/120（+0.8AD额外）混合伤害，短暂延迟后剑芒爆发对目标及周围敌人造成40/70/100/130/160（+0.7AP全）混合伤害，并附带减速30%，持续1.5秒
135,人鬼“未来永劫斩”,R,120/105/90,100/125/150法力值,妖梦对英雄发起突袭，将其击飞1秒，并造成75/150/255（+1.0AD额外）的混合伤害，短暂停顿后飞向英雄并以英雄为中心斩出7道剑芒，每道造成10/20/30（+0.15AD额外）混合伤害，随后剑芒爆发对周围敌人造成150/225/300（+0.6AP全）混合伤害（斩出剑芒期间妖梦无敌并且无法被选中）大招期间无法使用Q技能与W技能
134,终结之剑,被动, , ,黑雪姬拥有绝对切断的能力，理论上甚至可以切断永恒之地。看起来很美好，增加护甲穿透10%
134,死亡穿刺,Q, 13/12/11/10/9,40/45/50/55/60,向指定方向发起穿刺攻击，对沿途的敌人造成40/65/90/115/140（+0.8*额外攻击力）物理伤害，并标记所有命中的敌方英雄五秒，标记至少一个英雄后，五秒内可以使用二段技能：死亡闪击。死亡闪击：选中被标记的英雄释放，立即瞬移到目标身边，并造成40/65/90/115/140（+0.8*额外攻击力）点物理伤害。技能死亡穿刺现在在使用完死亡闪击后才会进入冷却时间
134,死亡拥抱,W,16/15/14/13/12,50/60/70/80/90,眩晕指定目标0.5秒，并降低5/10/15/20/25点护甲，持续三秒，同时造成40/90/140/190/240（+1.3*额外攻击力）物理伤害
134,死亡弹幕,E,14/13/12/11/10,50,黑雪姬踢向目标，对其及路径上敌人造成30/65/100/135/170（+1.0全额攻击力）物理伤害随后在目标身后出现并获得加速能力，提高自身100%移动速度，持续三秒。
134,超频驱动,R,135/120/105,100,黑雪姬压制目标英雄，持续两秒，对其发出16次斩击，每段造成15/25/35（+0.1全额攻击力）真实伤害。释放期间获得30%伤害减免。
133,旭日之心,被动,,,奈叶的技能对目标照成伤害时会获得一个吸收法术伤害的护盾，护盾持续四秒。护盾值相当于技能照成伤害的15%
133,禁锢枷锁,Q,15/14/13/12/11秒,60,奈叶在目标区域召唤魔法阵，短站延迟后对法阵内的敌人照成60/100/140/180/240（+0.5ap[全]）法术伤害并禁锢1.5秒
133,天神烈破,W,6,70,奈叶运用强大的魔法阵向墓边发出穿透性的法术攻击，对一直线上的敌人造成50/100/150/200/250（+0.65ap[全]）法术伤害。
133,天神照射,E,10,80/85/90/95/100点法力值,被动效果：奈叶熟练的掌握对于魔法的操控，增加自身法术穿透5%/10%/15%/20%/25%主动效果：奈叶锁定目标区域内的敌人，随即发射指向性光弹，1.2秒内对目标造成80/120/160/200/240（+1.0ap[全]）法术伤害。（吟唱期间可移动终止）
133,星光爆裂,R,150/125/100,100/150/200,被动效果：奈叶使用星光爆裂击杀敌方英雄后会将其收入后宫，该英雄此后每击杀一个小兵都将为奈叶提供1金币。主动效果：奈叶将空间中的魔力集中在魔法阵中央，连同自身魔法一并放出，对目标区域内敌人造成250/400/550（0.8ap[全]）法术伤害
131,神威灵装四番,被动,,," 神威灵装四番（被动）：神威灵装·四番可以使大部分攻击无效化，每20秒获得一层防御，最多叠加3层。每层防御增加10%的伤害减免。每次受到来自英雄的攻击会移移除一层。
四糸乃的技能在命中目标后都会降低目标25&的移动速度，持续两秒，减速效果不会叠加"
131,冰霜操控,Q,7秒,40/50/60/70/80法力,四糸乃操控冰霜攻击敌人，对目标及周围敌人造成50/90/130/170/210（+0.6AP）点法术伤害，并对目标单位附加冰霜标记，期间目标受到普通攻击时会额外造成20/30/40/50/60（+0.1AP）点法术伤害，每次攻击带冰霜印记的目标时，攻击者获得15%攻速加成，可叠加三次
131,极寒冰墙,W,20/18/16/14/12秒,60/70/80/90/100法力,四糸乃向指定区域召唤极寒冰墙，0.5秒后从地面升起，对范围内的敌人造成40/75/110/145/180(+0.5AP)法术伤害并冻住一秒。 
131,防御结界,E,15/14/13/12/11秒,80法力,被动效果：提高自身周围500范围内友方英雄的4/8/12/16/20物理与法术抗性。 主动效果：四糸乃以冰霜之力形成防御结界保护目标，为目标施加一个可以吸收60/120/180/240/280（+0.4AP）伤害的护盾并提高护甲，护盾存在4秒，其间四糸乃可以主动引爆护盾，护盾被引爆或者被击碎时会对目标周围250范围内的敌人造成50/100/150/200/250（+0.4AP）法术伤害
131,冻结傀儡,R,170/150/130秒,100/125/150法力,四糸乃在自身脚下召唤冻结傀儡，傀儡出现时会冻结周围敌人0.2秒并形成寒冬领域，持续4秒，领域内友军将获得15%的伤害减免，领域边缘的敌人每0.5秒受到20/40/60（+0.2AP）法术伤害(不触发装备特效)，寒冰领域会阻挡领域内外的敌人视野，并且阻止飞行技能从领域外飞入。
130,神威灵装一番,被动,,,被动技能：每当折纸受到英雄伤害有25%几率抵消本次伤害，每10点伤害增加该技能冷却时间1秒，最低10秒，最高100秒。
130,绝灭天使-日轮,Q,5/4.5/4/3.5/3秒,50/55/60/65/70点法力值,被动效果：每间隔15秒对浮游炮强化。强化浮游炮会提升折纸日轮伤害和伤害范围30%并减少敌人移动速度50%持续两秒。主动效果：折纸命令浮游炮对指定地点造成50/90/130/170210（+0.6ap全）点法术伤害。
130,绝灭天使-光剑,W,18,70/80/90/100/110,折纸在目标点召唤浮游炮阵，浮游炮会旋转并集中对碰到的单位造成伤害，对被击中四次以上的单位会眩晕1秒。每道光线40/70/100/130/160（+0.4AP全）法术伤害。同一目标多次受到光线伤害减少80%。
130,绝灭天使-展翼,E,14秒不享受冷却缩减,100点法力值,展翼：浮游炮组成光翼，自身增加30%的移动速度持续四秒。天翼：传送到指定地点（最大距离500/500/600/600/700）
130,绝灭天使-炮冠,R,130/110/90秒,100/130/160点法力值,折纸控制浮游炮射出留到光束，在自身以180度善行站看对碰撞道德单位照成50（+0.2ap全）点法术伤害并减少移动速度65%持续时间2.5秒，光束集中完成后，以头冠对击中的单位照成200（+0.8ap全）点法术强度
129,皇帝的特权,被动,,,竞技场内尼禄每10秒获得额外5金币，战场自动转为夕阳。夕阳：战场死亡可以主动消耗1钻石使尼禄原地满状态复活（技能CD和道具CD不会被重置），使用3次后进入3分钟CD。
129,花散的天幕,Q,16/15/14/13/12秒,60/70/80/90/100点法力值,尼禄向前冲刺斩击，对沿途的敌人和刀光斩击的扇形范围内的敌人造成70/110/150/190/230(+0.7全AD)物理伤害（同一单位沿途伤害和刀光伤害只触发一次，在黄金剧场存在时间内转化为帝政的颂歌）帝政的颂歌：尼禄冲向目标地点，对沿途敌人造成70/110/150/190/230(+0.7全AD)物理伤害，并在最终到达点产生一次爆炸，造成50/70/90/110/130（+0.5额外AD）物理伤害并减少敌人移动速度45%，持续时间1秒。
129,剑戟的喝彩,W,14/13/12/11/10秒,10/15/20/25/30点法力值,初始：对鼠标方向扇形范围内的敌人造成30/50/70/90/110(+0.4额外AD)点物理伤害。并减少敌人移动速度25%，持续时间2秒。使用结束可以使用二段技能：剑戟的喝彩中式中式：对扇形范围内造成40/60/80/100/120(+0.4额外AD)点物理伤害。使用结束后可以使用三段技能：剑戟喝彩终式终式：对鼠标方向矩形范围内敌人造成50/80/110/140/170(+0.4额外AD)点物理伤害，并击飞敌人。竞技场消耗20瓶药水后，终式将进化为万雷的喝彩万雷的喝彩：对鼠标方向矩形范围内敌人造成
129,燃烧的圣泉,E,5秒【不享受冷却缩减】,无消耗,尼禄可以再三种圣泉状态之间来回切换，每次切换前一个状态额外保持2秒。燃烧的圣者之泉：攻击力和攻击速度提升10/12/14/16/18%。时缠的圣者之泉：降低周围300范围内敌方单位3/6/9/12/15%的移动速度和12/14/16/18/20%的攻击速度。并获得10%减伤抹伤的圣者之泉：生命吸血增加10/12/14/16/18%，且对非英雄单位的伤害增加35%。
129,招荡的黄金剧场,R,120/110/100秒,100法力值,尼禄开启黄金剧场玫瑰花：每次受到敌方技能攻击会对自身周围造成50/70/90(+0.7额外AD)物理伤害（不会被剧场伤害触发且触发间隔最少0.5s）。黄金剧场：对自身周围每秒造成40/75/110（+0.3全AD）点物理伤害，并减少敌人护甲和法术抗性10%/20%/30%，剧场时间内触碰到招荡的黄金剧场边缘的敌人会被晕眩1秒（同一目标无法触发多次），持续时间为5秒。
128,红宝石之星,被动,无,无,红宝石之星同时具有施法与防护能力，伊莉雅获得10%伤害减免，使用技能时将其转化为伤害增加，持续10秒。
128,限定展开·刺穿死棘,Q,7/6.5/6/5.5/5秒,40/50/60/70/80法力,伊莉雅限定展开Lancer职阶卡，召唤出基本上只对Lancer本人一击必杀的必杀之枪，向指定的地方单位射出，对命中的地方单位造成40/80/120/160/200（+0.56AP）点真实伤害。由于因果逆转的效果，被指定的目标会先受到伤害。
128,限定展开·破尽万法,W,12秒,40/50/60/70/80法力,伊莉雅限定展开Caster职阶卡，召唤出曾被Caster用于圣女OO的实用短剑，向指定方向飞出，对命中的所有敌方单位造成40/90/140/190/240（+0.7全AP）点法术伤害与1秒沉默。
128,限定展开·妄想幻像,E,20秒,60/70/80/90/100法力,被动：伊莉雅限定展开Assassin职阶卡，每次使用其它技能时，50%几率召唤出曾被谜之金发青年插爆的Assassin秘术分身，对目标方向射出光弹，造成30/60/90/120/150（+0.3AP）点法术伤害。主动：伊莉雅隐身4秒，普通攻击或使用技能将结束隐身且100%召唤秘术分身。
128,多元重奏饱和炮击,R,70/60/50秒,100/120/140法力,伊莉雅向指定方向挥动红宝石之星创造法阵，1秒后从法阵处放出多元重奏饱和炮击（伊莉雅自身无需蓄力），对一条直线上所有地方单位造成300/400/500(+1.0AP)点法术伤害。
127,远坂家计,被动,无,,远坂凛每6秒储存1枚宝石，最大存量6枚。使用消耗宝石的技能时若宝石不足，自动消耗7金币购买1枚（购买仅限竞技场，额外消耗不触发购买）
127,周廻·晶石,Q,12/11/10/9/8秒,50法力,远坂凛消耗1枚宝石，射出光弹，达到最大距离后飞回。飞回时若命中敌方英雄可反弹，并在飞行一段距离后再次飞回。反弹次数不限，持续到光弹飞回远坂凛身边为止。光弹飞出、飞回时都对命中的所有敌方单位造成30/55/80/105/130（+0.3AP）点法术伤害。收回光弹前不可射出第二枚。飞弹飞行时可手动引爆，造成80/110/140/170/200(+0.5AP)点法术伤害弹射3次后会自动引爆
127,焰剑·冬河,W,10/9/8/7/6秒,50/60/70/80/90法力,远坂凛消耗1枚宝石，射出多道射线，对命中的所有敌方单位造成40/80/120/160/200（+0.56AP）点法术伤害。若打中敌人并宝石仍有存量，则额外消耗1枚，额外造成50%的伤害并附加1秒内50%减速。
127,光玉·八极,E,15/14/13/12/11秒,70/80/90/100/110法力,远坂凛消耗1枚宝石强化体术，使出八极拳寸劲之法，对指定范围内所有敌方单位造成40/70/100/130/160(+0.4额外AD)（+0.4AP）点物理伤害与1秒晕眩，同时自身迅速退向反方向。若打中敌人并宝石仍有存量，则额外消耗1枚，此后1.5秒内自身移动速度增加50%。
127,第二法模拟,R,70秒,无消耗,远坂凛借助宝石剑模拟第二法，立刻刷新所有基础技能冷却时间，从平行世界借取魔力并实体化，回复150/200/250+15%/20%/25%法力值，增加4/5/6枚宝石。
126,鹰眼,被动,无,无,诗乃8秒内不进行普通攻击或狙击，下一次狙击不显示预测线。
126,格洛克18/黑卡蒂,Q,18/17/16/15/14秒,无消耗,格洛克18：被动：诗乃在使用格洛克时提高25%/30%/35%/40%/45%攻速。主动效果：诗乃额外获得25%/30%/35%/40%/45%的攻速。黑卡蒂:冷却时间2.2/2.0/1.8/1.6/1.4秒技能消耗15/20/25/30/35法力诗乃向指定方向进行狙击，对命中的第一个单位造成(1.6/1.7/1.8/1.9/2.0全AD）点物理伤害，进行狙击时显示射击预测线。
126,麻痹弹/眩晕弹,W,14秒,40法力,麻痹弹：诗乃装填麻痹弹（覆盖曳光弹），下次普攻附加30/60/90/120/150（+0.8额外AD）点物理伤害，并在1秒内减少目标60%攻击速度与移动速度。随后5秒内诗乃每次普通攻击会额外造成10/20/30/40/50(+0.2额外AD)点法术伤害。眩晕弹：冷却时间：20/18/16/14/12秒技能消耗：50法力对命中第一个敌方单位造成（0.8/0.9/1.0/1.1/1.2全AD）点物理伤害，并将目标眩晕，眩晕时间随子弹飞行距离提高，最低0.5秒，最多1.5秒。进行狙击时显示射击预测线。
126,曳光弹/穿甲弹,E,16秒,40法力,曳光弹：诗乃向区域发射曳光弹，对区域内敌人造成80/130/180/230/280(+0.6额外AD)（+0.6AP）点法术伤害，并在5秒内获取目标区域与目标视野。穿甲弹：技能消耗：50/60/70/80/90法力冷却时间：12/11/10/9/8秒诗乃向指定方向狙击，对直线上所有敌人造成30/75/120/165/210(+1.3全AD)点物理伤害，每穿过一个目标降低10%的伤害，最低50%。进行狙击时显示射击预测线。
126,黑卡蒂/格洛克18,R,6/5/4/3秒,无消耗,黑卡蒂：诗乃切换为黑卡蒂模式，增加200/300/400/500的视野范围，降低40%的移动速度且无法普通攻击，期间所有技能切换为狙击模式。格洛克18：冷却时间：1秒技能消耗：无消耗诗乃切换为格洛克18模式，失去视野加成，并恢复正常移动速度与普通攻击能力，所有技能切回手枪模式。冷却时间为1秒。
125,独眼喰种,被动,无,无,金木研获得的额外生命值上限（来自于装备、状态等）享受额外10%的收益。金木研每次击杀单位都将回复自身最大生命值的1%，获得击杀或助攻时效果翻倍。
125,鳞赫·利世,Q,8/7/6/5/4秒,无消耗,被动效果：每3次普通攻击，下一次攻击会使用鳞赫对面前直线范围内的敌人造成伤害10/15/20/25/30(+1.0全AD)（+0.8%最大生命值）点物理伤害，可触发普攻特效。主动效果：金木研使用鳞赫对前方的敌人进行攻击，造成35/60/90/120/150(+0.7额外AD)（+2.5%最大生命值）点物理伤害，并对敌人造成3秒的流血效果，每秒造成10/15/20/25/30（+0.15额外AD）（+0.4%最大生命值）点物理伤害，金木研将恢复持续伤害15%的生命值。主动效果每命中一个单位都减少其他技能冷
125,饥渴本能,W,17/16/15/14/13秒,无消耗,被动效果：金木研每次普通攻击附带0.6%/0.7%/0.8%/0.9%/1.0%最大生命值的物理伤害。主动效果：金木研获得开启后5秒内获得双倍的被动效果，增加15%移动速度持续5秒。
125,喰种猎杀,E,18/17/16/15/14秒,无消耗,被动效果：金木研攻击、施法或承受伤害都会增加自己1/2/3/4/5点物理与法术抗性，最多叠加8层，持续4秒。主动效果：金木研跃向目标造成目标已损失生命值的8（+0.5%最大生命值）%（最高40%）或80/130/180/230/280(+0.7额外AD)点物理伤害（两者取高），并降低目标移动速度30%，持续2秒，同时获得3层被动效果。对非英雄单位最多造成（1000-7）物理伤害。
125,半赫者,R,0,无消耗,被动效果：金木研的攻击或施法能获得1/4点RC细胞，升级技能时将直接获得50点RC细胞，RC细胞到达100时获得主动效果主动效果：金木研进入半赫者状态，增加20%移动速度，期间每秒流失10点RC细胞，击杀或助攻获得30点RC细胞，并且强化普通技能效果鳞赫 利世：主动效果的伤害提高15%/20%/25%饥渴本能：开启主动效果后，普通攻击会降低对方15%/20%/25%的物理防御和移动速度，持续2秒喰食猎杀：造成伤害的同时恢复伤害30%/40%/50%的生命值，并将目标眩晕1秒
124,暗步,被动,,,奇犽以轻盈的暗杀步法前进，无视单位阻挡，增加5%移动速度和10%法术穿透
124,雷掌,Q,5/4.5/4/3.5/3秒,40/45/50/55/60法力,奇犽对指定一条直线放出电流，然后造成40/70/100/130/160（+0.5AP）点法术伤害，同时会以自身和命中的第一个敌方单位为中心发生第二次爆炸，分别对周围造成20/35/50/65/80（+0.2AP）点法术伤害。炸裂范围为200.
124,落雷,W,15秒,50法力,向指定方向冲刺，对沿途的所有目标释放落雷造成40/70/100/130/160（+0.4AP）点法术伤害，并对附近最近的敌方单位（英雄优先）放出落雷造成相同伤害并沉默1秒。
124,疾风迅雷,E,0,无消耗,奇犽每5秒自动获得1层（不满3层的情况下才会开始计时恢复，满层时不再计时）。奇犽对英雄普通攻击时消耗1层电弧强化，附加30/60/90/120/150（+0.4AP）法术伤害。
124,电光石火,R,90/80/70秒,80/90/100法力,奇犽以电流刺激体内脉冲，增加300%移动速度。该加成持续衰减，4/6/8秒内衰减至0.
123,神威灵装·五番,被动,无,无,琴里受到来自英雄的超过当前生命值15%的伤害时获得火焰羽衣，减少20%所受伤害（包括此次），持续4秒。期间琴里的普通攻击将使目标燃烧3秒，每0.5秒受到(+0.1全AD)点物理伤害（对同一目标4秒内不重复作用）。火焰羽衣内置冷却20秒。琴里的所有技能造成的燃烧可叠加两层，但伤害不叠加且不触发装备特效。
123,灼幕,Q,6/5.5/5/4.5/4秒,50法力,琴里挥舞灼烂歼鬼，对周围敌人造成30/60/90/120/150(+1.0全AD)点物理伤害现在在命中较远目标后（距离琴里超过150）会降低目标40%的移动速度，持续1秒。
123,焰潮,W,8秒,50法力,琴里全力劈砍，对前方所有敌人造成80/120/160/200/240(+0.9额外AD)点物理伤害，并使其燃烧3秒，每0.5秒受到(+0.1全AD)点物理伤害。
123,光燃,E,8秒,15法力,"琴里向一个敌人跳斩，造成20/40/60/80/100(+0.7全AD)点物理伤害。若目标正被琴里的技能燃烧，则消耗一层燃烧效果，且“光燃”不进入冷却。若燃烧层数未减为0，则重置燃烧时间,重置成功时会进入0.5秒的公共冷却时间。"
123,灼烂歼鬼·炮,R,100/85/70秒,80法力,发动炮击，对一直线上所有敌人造成250/350/450(+额外AD*1.2)点物理伤害，并使其燃烧3秒，每0.5秒受到(+0.1全AD)物理伤害。使用后琴里立刻获得火焰羽衣（不影响神威灵装·五番冷却时间）。6秒内使用“光燃”时附加（+0.5/0.6/0.7AD）点范围伤害。炮永久处于炮形态不会因进入战斗而切换成普通形态
122,追想的变奏,被动,无,无,沙耶加每次击杀/助攻时可净化灵魂宝石，获得2/1层净化度，最高10层，每层增加2点/5秒法力回复。普攻对未刻下音符的目标刻下音符，并附加（50+5*层数）%AD全额物理伤害。音符持续4秒。死亡后灵魂宝石陷入污浊（净化度归零）。
122,伤鸣的节拍,Q,12秒,:50法力,沙耶加向指定方向冲刺，放出军刀环绕自身，2秒后或命中敌人后，对附近敌人在1秒内造成75/125/175/225/275(+1.25额外AD)点物理伤害（不触发装备特效）。此后4秒内沙耶加可再次冲刺。
122,痛觉的止符,W,12秒,30法力,沙耶加屏蔽痛觉全力作战，获得4层痛觉屏障，持续4秒，每层使受到的伤害减少4/5/6/7/8%。每次受到伤害时使其中1层的效果转化为使自身造成的伤害增加4/5/6/7/8%，持续4秒。
122,青刃的哀歌,E,11/10/9/8/7秒,50法力,沙耶加指定一个方向，2秒内每0.2秒对该方向投出一把军刀，期间可自由移动/攻击/施法。每把军刀对命中的所有敌人造成8/16/24/32/40(+0.15全AD)点物理伤害（不触发装备特效）。对刻下音符的目标伤害增加30%。
122,少女的谢幕,R,100/80/60秒,80法力,被动：若沙耶加10秒内不进行普攻，将获得音阶升调，下一次普攻增加300射程，降低目标60%的移动速度持续0.7秒，且不刻下音符。主动：沙耶加立刻刷新音阶升调。增加18/24/30%攻击力、18/24/30%护甲与30%移动速度。该加成保持3秒后开始衰减，此后3秒内衰减至0。
121,魂火的余烬,被动,无,无,佐仓杏子每次击杀/助攻时可净化灵魂宝石，获得2/1层净化度，最高10层，每层增加2点/5秒法力回复。普攻对不存在余烬的目标附加（50+5*层数）%AP法术伤害，此后留下余烬，持续3秒。死亡后灵魂宝石陷入污浊（净化度归零）。
121,复燃的微光,Q,14/13/12/11/10秒,70法力,佐仓杏子4秒内挥舞链枪行进，无视单位阻挡，每0.5秒对附近所有敌方单位造成7/14/21/28/35(+0.1全AD）(+0.2AP)点法术伤害。对英雄伤害翻倍，对存在余烬的英雄附加“魂火的余烬”伤害并消除余烬。期间不可普攻使用其它技能将中断该技能。共造成56/112/168/224/280(+0.8全AD）(+1.6AP)点法术伤害。（对英雄）共造成112/224/336/448/560(+1.6全AD）(+3.2AP)点法术伤害。
121,告解的壁障,W,14秒,40/50/60/70/80法力,佐仓杏子在原地布下一圈壁障，持续3秒。壁障内的敌方单位每秒受到20/40/60/80/100(+0.3AP)点法术伤害，离开该范围时晕眩0.2秒并在此后2秒内减少40%移动速度（不会重复作用于同一单位）。
121,命运的果实,E,14/13/12/11/10秒,40/50/60/70/80法力,佐仓杏子向指定方向冲刺，对路径上所有敌方单位造成“魂火的余烬”伤害。此后3秒内增加20%法术强度，3秒后回复自身40/60/80/100/120(+0.4AP)点生命值。
121,少女的救赎,R,130/120/110秒,100法力,佐仓杏子祈祷救赎，向指定方向召唤连续出现的多杆长枪，成十字形升起，对命中的所有敌方单位造成280/390/500(+0.3全AD)(+0.8AP)点法术伤害与击飞。
120,无我识·心空妙有,被动,无,无,两仪式对生命值低于30%/40%/50%的单位普通攻击时，附加目标已损失生命值的7（+0.03AD额外）%物理伤害（最高15%，对怪物最高1000点），使目标的生命回复、生命偷取、法术吸血降为0，持续3秒，并减少自身所有基础技能冷却时间2秒（目标为英雄时）/1秒（目标为非英雄时）。10秒内不能作用于同一目标。该技能在达到6级，12级时提升。
120,双钟楼/阴阳螺旋,Q,14/13/12/11/10秒,无消耗,双钟楼：两仪式向前冲刺斩击，对面前扇形范围造成40/75/110/145/180（+1.0额外AD）点物理伤害，此后5秒内获得二段技能：阴阳螺旋阴阳螺旋：两仪式对指定范围挥斩，造成40/75/110/145/180（+1.0额外AD）点物理伤害，并降低目标50%攻击速度，持续1秒。
120,虎落笛/无明之月,W,14/13/12/11/10秒,无,虎落笛：两仪式向前跳跃斩击，对附近敌人造成70/120/170/220/270（+1.0额外AD）点物理伤害，此后5秒内获得二段技能：无明之月无明之月：两仪式挥斩击退面前敌人，并降低目标50%移动速度，持续1秒。
120,猫返,E,8秒,无消耗,被动：两仪式普通攻击与伤害技能额外造成5/10/15/20/25（+0.15全AD）点物理伤害。主动：两仪式向指定方向投出匕首，对一直线上敌人造成60/100/140/180/220(+0.8额外AD)点物理伤害。匕首对生命低于50%的单位可以触发被动的伤害与封印回复，且不受被动内置冷却的限制。
120,直死之魔眼,R,100/85/70秒,无消耗,两仪式张开直死之魔眼，持续6/8/10秒。目视万物之死，使生命值低于15（+0.06额外AD）%（最高30%）的敌方英雄出现仅两仪式可见的“死线”，期间两仪式的普通攻击与猫返可直接将其击杀。击杀后重置持续时间。开启期间，可以降低2/4/6次受到伤害的50%
119,永远的十七岁,被动,无,无,八云紫受到敌方英雄单位的伤害时将使攻击者沉默0.7秒（17秒内只能生效一次）。八云紫的最高等级为17级，满级时沉默时间增加为1秒。基础技能4->5级时成长较高。
119,正物质与反物质的宇宙,Q,0.5秒,10法力,被动：八云紫每10/9/8/7/5秒得到1宇宙物质，最大存量2.（不满2层的情况下才会开始计时恢复，满层时不再计时）主动：八云紫消耗1宇宙物质，在指定地点创造一道隙间，存在20秒（有两种隙间，分别只能同时存在一个）。若两道隙间距离过近，则发生湮灭，八云紫瞬移至湮灭处。
119,飞光虫之巢,W,12/11/10/9/8秒,40/50/60/70/80法力,八云紫射出弹幕“飞光虫之巢”。若进入隙间，则从相反的隙间中飞出，转化为弹幕“虫之警报”。弹幕造成70/120/170/220/300(+0.7AP)点法术伤害，同一单位最多被命中1次。“虫之警报”的伤害附带1.5秒内35%减速。
119,波与粒的境界,E,14/13/12/11/10秒,40/50/60/70/80法力,八云紫射出一组米粒弹。若进入隙间，则从相反的隙间中飞出，转化为弹幕“波与粒的境界”。每枚弹幕造成30/55/80/105/150(+0.4全)点法术伤害。同一单位最多被7枚弹幕命中，后续伤害20%。最多造成66/121/176/231/330(+0.88全)点法术伤害【注：米粒弹只有5次伤害，要转化为“波与粒的境界”才能造成7次的最高伤害】
119,废弃车站下车之旅,R,130/120/110秒,100/120/140法力,八云紫召唤高速行驶的废弃列车，对命中的所有敌方单位造成总计240/330/420(+0.18全AD）（+0.78AP)点法术伤害与击飞。
118,替身使者,被动,,,“这是欠款的收据”承太郎每次受到伤害时增加10%攻速与4点闪避，持续3秒，最高4层。每次普通攻击增加10怒气，击杀/助攻增加70/30怒气。
118,欧啦欧啦欧啦欧啦欧啦欧啦,Q,1秒[不享受冷却缩减],70怒气,欧啦欧啦欧啦欧啦欧啦！承太郎命令白金之星1.5秒内连续出拳，每0.1秒对范围内所有敌人造成4/8/12/16/20(+0.12/0.13/0.14/0.15/0.16AD)点物理伤害（不触发装备特效）。期间承太郎不可普攻。
118,流星指刺,W,12/11/10/9/8秒,无消耗,承太郎命令白金之星使出流星指刺，对一直线上的所有敌方单位造成70/110/150/190/230（+0.5全）点物理伤害与0.5秒晕眩。
118,时之暗面,E,20/19/18/17/16秒,无消耗,增加35%移速并增加10/20/30/40/50点攻击力，期间每次受到任何伤害增加10怒气，持续3秒。
118,白金之星·世界,R,110/100/90秒,无消耗,被动：每隔50/42/38秒，承太郎受到敌方英雄的较近距离伤害时，发动“白金之星·世界”，使攻击者时间停止0.5秒（无法移动、攻击或施法，不能被解除，不受韧性减免）。主动：对指定敌方英雄发动“白金之星·世界”，使其2秒内时间停止且受到的欧啦欧啦欧啦伤害增加30%/40%/50%。
117,疾如岛风,被动,无,无,岛风脱离战斗6秒后移动速度增加20%，每秒回复6燃料，燃料满值12.战斗状态下每秒消耗3（夜战模式下4）燃料维持移动速度增幅。
117,连装炮,Q,15/14/13/12/11秒,50法力,岛风向指定方向投放连装炮，行进到最大距离后返回。连装炮不断旋转开火，每0.2秒对附近所有敌人造成15/25/35/45/55（+0.3额外AD）点物理伤害，并减少其4%的护甲，持续2秒（可叠加）。若岛风接到返回的连装炮，可补满燃料。
117,夜战模式,W,17秒,20法力,岛风发挥夜战优势，增加30%/35%/40%/45%/50%暴击率、75%移动速度（1秒后衰减为15%），持续4秒。
117,九四式爆雷,E,14/13/12/11/10秒,40/50/60/70/80法力,岛风向指定方向投射一枚九四式爆雷，命中第一个敌方单位后爆炸，对附近所有敌方单位造成40/70/100/130/160（+0.8额外AD）点物理伤害与50%减速，持续1.5秒。爆雷行进一定距离后速度加快，伤害增加50%。加速后造成60/105/150/195/240（+1.2额外AD）点物理伤害
117,威力巨大之九三式酸素鱼雷,R,0.5秒,35法力,岛风向指定方向发射一枚鱼雷，对命中的第一个敌方英雄造成80/130/180（+0.8AD）点物理伤害并且对沿途的小兵造成一半伤害。鱼雷最大存量5枚，每7秒补充1枚。
116,伏行的混沌,被动,,,"奈亚子进入光学迷彩力场4秒后潜行（若进入时处于技能潜行则直接潜行），离开光学迷彩力场或普通攻击/使用技能将结束潜行（不影响技能潜行）。潜行中受伤害不显形。
在奈亚子在离开草丛时若处于被动隐身状态则隐身时间会继续保持1秒
【注：只有在“进入”光学迷彩立场时才会直接潜行，在草丛里放Q然后不动是不会进入被动潜行的，要进出一次草丛才行】"
116,宇宙CQC二式·不可名状的棒状物体,Q,16/15/14/13/12秒,40/50/60/70/80法力,奈亚子扔出不可名状的棒状物体，对命中的所有敌方单位造成70/110/150/190/230（+0.2全AD）（+0.4AP）点法术伤害。1秒后进入4秒潜行，期间增加20%移动速度。普通攻击或使用技能将结束潜行。潜行中受伤害不显形。
116,宇宙CQC里百八式·八酒杯,W,8/7.5/7/6.5/6秒,40/45/50/55/60法力,奈亚子接连放出地面波动，每道波动对命中的所有敌方单位造成30/55/80/105/130（+0.4AP）点法术伤害与击飞（可连击浮空）。在潜行中使用时使目标SAN值急降，3秒内造成伤害减少20%（只限自身技能提供的潜行）。
116,宇宙CQC九七式·亵渎之手榴弹,E,13/12/11/10/9秒,40/50/60/70/80法力,奈亚子扔出邪恶亵渎难以言说混沌疯狂摧毁理智直呼其名亦属禁忌的手榴弹，对范围内所有敌方单位造成80/130/180/230/280（+0.7AP）法术伤害。在潜行中使用时使目标SAN值急降，3秒内造成伤害减少20%（只限自身技能提供的潜行）。
116,宇宙CQC百式之零·Dagon之神力,R,75/65/55秒,100/125/150法力,奈亚子召唤Dagon之神力打击一个敌方单位，造成邪恶亵渎难以言说混沌疯狂摧毁理智直呼其名亦属禁忌的350/450/550（+1.0AP）点法术伤害。对非英雄单位伤害翻倍。
115,冥恸柩缚,被动,,,白岩射手的技能会造成10%的减速效果，持续3秒。每叠加4重减速状态会令目标晕眩并造成10（+0.5AD全）的额外伤害并晕眩0.75秒
115,无懈白斩,Q,3秒,30法力,白岩射手挥舞镰刀，对范围内的敌人造成40/70/100/130/160（+0.6全AD）点物理伤害并叠加一层减速状态。
115,现世创造,W,16秒,45法力,6秒内增加自身10%/15%/20%/25%/30%的攻击力和移动速度，遭受英雄攻击则移除增益并获得80/140/200/260/320（+0.6额外AD）点护盾。护盾持续2秒，护盾存在期间受到伤害会对目标叠加一层减速。
115,鲜血结末,E,10秒,60法力,在1.5秒内射出5道光束，共造成100/150/200/250/300（+1.0AD全）点物理伤害并叠加减速状态。
115,悼亡圣裁,R,1秒,35法力,闪现到目标位置并对周围敌人造成60/100/140（+0.7全AD）点物理伤害并叠加一层减速。每次使用消耗一层可用层数，每18秒获得一层可用层数，最多叠加3层。技能升级时立刻获得一层可用状态。在白岩获得击杀时会直接回复1层充能
114,运动白痴&设定厨,被动,无,无,黑猫的移动速度降低1%，场上存在的每个预言道标为黑猫增加法术穿透8%，每个预言道标提供的法术穿透最多持续10秒。（不可再叠加至100%）
114,新约·命运预言书,Q,5/4.5/4/3.5/3秒,45法力,黑猫打开预言书召唤预言道标，对触碰的敌人造成70/110/150/190/230（+0.5AP）点法术伤害。预言道标存在5秒。
114,毒舌,W,12秒,90法力,黑猫使用恶毒的言语吐槽范围内的所有敌方单位，造成70/120/170/220/270(+0.8AP)点法术伤害。并使区域内的预言道标向外飞出。
114,傲娇,E,10秒,70法力,黑猫无法承受敌人的羞辱，一跺脚迅速跑走，获得傲娇防护，吸收60/100/140/180/220(+0.6AP)点伤害。过程中触碰预言道标将额外增加30/60/90/120/150(+0.2AP)点护盾值。护盾持续3秒。
114,诅咒/生涯最大诅咒,R,55秒,100法力,黑猫放出诅咒，对命中的所有地方单位造成225/350/475(+1.0全AP)法术伤害。诅咒触碰预言道标时，进化为生涯最大诅咒，体积急速扩大，多个道标可扩大多次。
113,空间能力者,被动,,,白井黑子面对1000范围内的友方御坂美琴移动时，会获得额外5%的移动速度加成。御坂美琴背对1000范围内的友方白井黑子移动时，会获得额外5%的移动速度加成。当白井黑子使用位移技能后，可以获得20%的移动速度加成，持续2秒。
113,金属箭矢,Q,6/5.5/5/4.5/4秒,30/35/40/45/50法力,对指定目标施放一组金属箭矢，造成50/85/120/155/190（+0.65AP）点法术伤害，并为目标增加一个箭矢标记（最多只能同时标记一个单位），对同一目标连续施放2次后，会降低金属箭矢50%的冷却时间，8秒内对同一目标连续释放三次后，会将目标定身1秒，并造成目标最大生命值6%/7%/8%/9%/10%的真实伤害（对怪物最多造成500点真实伤害）
113,跳转/迁移,W,16/15/14/13/12秒,50/55/60/65/70法力,跳转：白井黑子瞬移到目标身边并施加4秒迁移标记，若目标是友军则增加200范围内友军20%移动速度，持续1秒。若目标是敌人则对200范围内的敌方单位造成40/65/90/115/140（+0.4AP）点法术伤害。此后获得二段技能：迁移迁移：白井黑子将拥有迁移标记的目标传送到指定点，若目标是友军则增加200范围内友军20%移动速度，持续1秒。若目标是敌人则对200范围内的敌方单位造成40/65/90/115/140（+0.4AP）点法术伤害。黑子与标记目标距离超过400时，则无法转移目标。
113,空间折叠,E,18/16/14/12/10秒,40法力,白井黑子瞬间出现在指定的目标地点，并且降低其他技能冷却时间3/3.5/4/4.5/5秒。
113,箭阵,R,150/135/120秒,100点法力值,白井黑子对周围的敌人施放大量的金属箭矢，将目标定身，持续1秒。随后对目标造成250/375/500（+0.8AP）点法术伤害。
112,敏感,被动,,,每次受到背后的英雄攻击时，尾巴会充能，累计到15层时会向背后发射尾巴炮造成30（+0.45AP）点法术伤害。主动使用尾巴炮时会消耗所有层数并提升层数*3%的伤害。
112,加农花,Q,12/11/10/9/8秒,50/50/50/50/50法力,在目标地点召唤加农花，每秒朝500范围内的某个敌方英雄发射炮弹，对命中的敌人造成30/50/70/90/110（+0.3AP）点法术伤害，持续5秒。（食人花只会受到来自普通攻击的伤害，并且不会受到普通攻击附带效果的影响。食人花的生命值为4点）
112,食人花,W,16/16/16/16/16秒,80/80/80/80/80法力,在目标地点埋藏食人花，有敌方英雄路过时会激活并对周围单位造成60/110/160/210/260（+0.6AP）点法术伤害，食人花在激活后会迅速死亡。食人花最多存在30秒。
112,藤蔓,E,2/2/2/2/2秒,45点法力值,向目标方向射出藤蔓，减速沿途敌人并造成40/70/100/130/160（+0.5AP）点法术伤害，减速效果持续3秒，最多叠加三次。藤蔓可以恢复加农花的生命值，并且立刻激活食人花并且延长其存在时间。藤蔓拥有200码视野
112,尾巴炮,R,60秒,100/100/100法力,向目标区域发射闪电，对命中的敌人造成250/400/550（+1.0AP）点伤害。（增幅命中的植物，加农花获得分裂攻击，增加食人花的体型使其击飞敌人并造成50%额外伤害）
111,Bone of Sword,被动,,,Archer投影的所有宝具都是无限剑制的一部分。攻击力增加16%，使用无限剑制（以固有结界持续时间结束起计）后30秒内增幅减半。
111,干将·莫邪,Q,14/13/12/11/10秒,50法力,被动：Archer每进行3次普通攻击，将持有的干将·莫邪投掷，对命中的所有敌方单位（包括普攻目标）造成10/20/30/40/50（+0.4额外AD）点物理伤害，并立刻投影出新的干将·莫邪，使此次攻击附加（+0.5AD额外）点物理伤害。主动：Archer激发魔术回路，3秒内每次普通攻击都触发干将·莫邪被动效果。击杀/助攻将减少该技能6/3秒冷却
111,投影/幻想崩坏,W,16/15/14/13/12秒,40/45/50/55/60法力,Archer投影一件随机宝具，6秒内增加20%/25%/30%/35%/40%攻击速度。3秒内可使用二段技能幻想崩坏：将宝具射出，命中第一个敌方单位或达到最大距离时引爆对附近所有敌方单位造成70/110/150/190/230（+0.9额外AD）（+0.6AP）点物理伤害。
111,炽天覆七重圆环,E,16/15/14/13/12秒,40/45/50/55/60法力,Archer向指定方向冲刺，到达后投影炽天覆七重圆环，具有7层防御，持续3秒，层数归零前可完全抵挡伤害。单次伤害超过12/18/24/30/36（+0.1AD额外）破坏1层（超过n层则破坏n层），超额部分不伤害Archer本身。
111,无限剑制,R,200/170/140,120/140/160,Archer展开固有结界·无限剑制，覆盖全地图，同时以自身为中心产生剑围，持续5秒，固有结界内的投影宝具每0.5秒对所有敌方英雄造成20/27/34（+0.15额外AD）点物理伤害，不触发灵魂火炬，该伤害对剑围内的敌方英雄增加80%剑围外造成200/270/340（+1.5额外AD）点物理伤害剑围内造成360/486/612（+2.7额外AD）点物理伤害
110,人类的感情,被动,,,鹿目圆香每次直接杀/助攻时可净化灵魂宝石 获得2/1层净化度 最高10层 每层增肌2/5秒法力回复 鹿目圆香的普通攻击为法术伤害 且附加（15+净化度*2）%AP的法术伤害（受法术吸血 穿透影响 不受物理暴击 吸血 穿透影响）死亡后灵魂宝石陷入污浊（净化度归零）
110,救济的祈愿,Q,10/9/8/7/6秒,40/50/60/70/80法力,鹿目圆香在目标区域降下一阵箭雨 对命中的所有敌方单位造成40/80/120/160/200（+0.7AP）点法术伤害 为命中的所有友方单位回复25/40/55/70/85（+0.25AP）点生命值
110,奇迹的现世,W,17/15/13/11/9秒,40/50/60/70/80法力,鹿目圆香同时射出两道光箭，一道向指定方向射出，对命中的第一个敌方单位造成30/45/60/75/90（+0.2AP）（+3%最大法力值）点法术伤害，1.5秒内减少目标50%的移动速度另一道追踪最近的敌方单位（优先英雄）效果相同两道光箭可对同一目标单位生效
110,因果的层积,E,15/13/11/9/7秒,50/50/50/50/50法力,被动：鹿目圆香使用技能时累积一层因果 每5层因果转化为1层业力，每层业力增加20/25/30/35/40最大法力值，最高25层。主动：鹿目圆香为此后（4+因果层数）次普通攻击附加（自身最大法力值+目标最大法力值）*3%的法术伤害且射程增加70/90/110/130/150 该技能本身不累积因果
110,少女的末路,R,90/80/70秒,100/100/100法力,被动：鹿目圆香死亡时化身救济的魔女 隐藏在破灭的风暴中 持续6秒，无敌，可移动，不可攻击或使用技能。每0.5秒对附近的所有敌方单位造成20/26/32（+0.07AP）点法术伤害。主动：鹿目圆香8秒内增加35%/40%/45%攻击速度与法术吸血 结束后减少1层因果，1层业力 2秒内自身变为风暴，增加25%移动速度（不会因此死亡）
109,王的能力,被动,,,樱满集附近每个未感染启示录病毒的友方英雄将与其链接，为自身提供3%攻击、攻速、移速、护甲、魔抗。樱满集的技能可使友方英雄感染启示录病毒，不能对已感染者使用。断开链接后启示录病毒消失。
109,歌手的剑,Q,3秒,50法力,樱满集从一个友方英雄身上抽出剑，对附近所有敌方单位造成30/60/90/120/150（+1.0全AD）点物理伤害，并产生连线-虚空。每一根虚空连线提升技能伤害50%。
109,舞者的鞋,W,6秒,50法力,樱满集冲锋至一个友方英雄身边，产生连线-离子。友方经过该连线时2秒内移速度增加20%，敌方经过时移动速度降低20%且每秒受到40/60/80/100/120（+0.4AD额外）点物理伤害。
109,恋人的绷带,E,8秒,80法力,樱满集指定一个友方英雄，产生连线-绷带。连线上的所有友方英雄每秒回复8/14/20/26/32（+0.05AP全）生命值。
109,国王的心,R,90秒,100法力,樱满集在4秒内引发8次冲击，共对敌人造成320/640/960（+6额外AD）物理伤害并使其降低10%/20%/30%法术强度，攻击力和移动速度，恢复友军320/480/640（+1.6AP全）点生命值，周围友军的启示录病毒能够增加技能的威力（虚空链接增加技能伤害，离子链接增加属性削弱效果，只有链接了绷带的友方英雄才能享受到国王的心得额外治疗效果。）。吟唱结束后会清除范围内友军的启示录病毒。樱满集从周围友军体内获得支配能力，12/14/16秒内每次普攻引发冲击，额外造成30/50/70+（0.1AD*
108,死神小学生,被动,无,无,柯南所到之处必有凶案发生。1000范围内的所有非友方非英雄单位（不包括欧西里斯天空龙、青眼白龙、红/蓝库巴、水箭龟、召唤物）每5秒有5%几率突然暴毙，离奇死亡。其遗产（掉落金钱）将作为破案经费由柯南收下。
108,手表麻醉枪,Q,15/13/11/9/7秒,60法力,柯南向指定方向发射一枚麻醉针，对命中的第一个敌方英雄造成30/60/90/120/150（+0.5AD全）（+0.3AP全）点物理伤害并附加麻醉效果，1.5秒内使其沉睡（受到来自英雄的伤害时苏醒）。若某一英雄累计被麻醉针刺中5次，则将产生不可预知的智力损伤，获得“沉睡的名侦探”称号，沉睡时间延长1秒，且无需沉睡即可被“领结型变声器”控制（仅限该局）。
108,领结型变声器,W,24/22/20/18/16秒,60/70/80/90/100法力,柯南使用领结型变声器模仿一个敌方英雄，若其未沉睡，则使其因迷惑而沉默1/1.5/2/2.5/3秒。若其已沉睡，则可假借其名义进行推理，获得目标控制权（不能控制免疫控制的英雄），持续1/1.5/2/2.5/3秒。期间目标无被动/二段/召唤师/道具技能，造成伤害与所受伤害均减少90%。柯南自身需引导，且暴露视野。控制结束时受控者第一个被使用的技能将进入12秒冷却，其他被使用的技能冷却返还，柯南每使用受控者的一个技能，领结型变声器的冷却增加5秒。
108,太阳能滑板/足球腰带,E,5/4.5/4/3.5/3秒,50/60/70/80/90法力,被动：太阳能滑板：柯南脱离战斗6秒后踏上太阳能滑板滑行，移动速度增加5%/10%/15%/20%/25%。主动：足球腰带：柯南向指定方向提出高压还原足球，对一直线上所有敌方单位造成40/70/100/130/160（+0.7AD全）点物理伤害与击飞。
108,凶手就在我们中间,R,90/80/70秒,90/110/130法力,凶手就是你！柯南指控一个敌方英雄为真犯人，持续10秒。期间柯南推出三种犯罪手法，将图标排列在身前。柯南可点击一种犯罪手法以使用二段技能：真相只有一个！将选中的犯罪手法认定为真相，识破之。手法之一：伪装身份。被识破后凶手露出疯狂的真面目，受到120/180/240（+0.5AP全）点法术伤害并在1.5/1.75/2秒内陷入混乱。手法之二：密室杀人。被识破后凶手再次引发机关却误伤自己，受到120/180/240（+0.5AD全）点物理伤害并定身2/2.25/2.5秒。手法之三：不在场证明。被识破后凶手开
107,主人公补正,被动,,,涅普顿身为海王星化身 持有主人公补正 生命值 法力值 攻击力 法术强度 攻击速度 护甲 法术防御 移动速度增加5% 
107,穿刺联袭,Q,12秒,40/50/60/70/80法力值,"涅普向指定目标发起一段冲锋,12秒内总共可以发起3段冲锋，每次冲锋造成2次斩击以及击退目标，单次斩击伤害为15/25/35/45/55（0.4全AD)物理伤害。现在可以重置普攻。"
107,32式X剑,W,15/14/13/12/11秒,40/50/60/70/80法力,涅普顿指定一个敌方单位召唤数据巨剑对附近所有敌方单位造成35/60/85/110/135（+0.6额外AD）点物理伤害，并减速35%，持续2秒对直接被剑本体击中的单位造成额外20/40/60/80/100(+0.5全AD)点物理伤害 。对非英雄单位额外造成50%的伤害。
107,炎流崩裂,E,16/15/14/13/12秒,35/40/45/50/55法力,"涅普顿向指定方向进行突进，突进结束后对面突进方向锥形范围内的敌方目标施法炎弹，炎弹对碰撞到的目标造成40/70/100/130/160（1.0额外AD）物理伤害。并附加""灼热之痕"",状态持续3秒。"
107,胜利冲锋,R,60/42.5/25秒,100/150/200法力值,涅普顿向目标发起胜利冲锋，对目标造成200/300/400（+0.8额外AD）物理伤害，并对其减速60%.持续1秒.若目标处于灼热之痕状态下，则附加眩晕1秒.
106,破甲系统,被动,无,无,"金色之暗每3秒获得2%护甲穿透,最多10层,每次攻击或者使用技能消耗1层.当破甲效果满层数时,下次攻击附带（0.3AD）真实伤害.每层恢复间隔为4秒。"
106,变形：刃,Q,12/11/10/9/8秒,40/50/60/70/80法力,"金色之暗固化手部刀刃,增加150%移动速度,持续1.5秒4秒内下次普通攻击额外造成40/80/120/160/200（+0.8全AD)点物理伤害此次攻击不消耗破甲层数并且回复1层破甲层数此后1.5秒内的普攻攻击不消耗破甲层数"
106,变形：拳,W,10/9/8/7/6秒,40/50/60/70/80法力,"金色之暗开启头发的拳状变形,对前方连续轰击2次对命中所有单位造成40/110/180/250/320（+0.8全AD)点物理伤害第一击2秒内减少目标10/15/20/25/30点护甲,第二击造成击飞。"
106,变形：门,E,20/18/16/14/12秒,80法力,"金色之暗在目标地点及自己身边开启两道传送门,3秒后消失每道传送门只允许1个英雄进入传送门存在期间如果使用2段技能,则将传送门中英雄传送到另外一端如果没有使用,则传送门中英雄在原地出现."
106,变形：翼,R,90/80/70秒,无,"金色之暗展开双翅,增加100韧性,移动速度增加35%/50%/65%,无视单位体积阻挡,持续6/8/10秒期间其他技能变成光刃刺杀对敌方英雄造成60/100/140(+0.7/0.9/1.1全AD)点物理伤害，CD5秒,不享受冷却缩减.再次使用该技能可以结束变形.攻击距离增加为160.开启后将直接获得满层被动效果，期间不消耗被动层数。"
105,神衣鲜血,被动,无,无,缠流子每损失100生命，增加3攻击力。缠流子在鲜血沸腾状态下部分技能获得进化，与未进化的技能共用冷却。
105,疾风,Q,12,24/30/36/42/48生命值,缠流子进入疾风状态，进行攻击后结束。每秒增加20%移动速度，持续3/4/5/6/7秒。速度达到500后将进入鲜血沸腾状态。进化：鲜血疾风。 鲜血疾风：缠流子向指定方向冲锋，对沿途所有敌方单位造成60/100/140/180/220（+0.6AD全）物理伤害，命中后进入鲜血沸腾状态。进化：閃刃疾風 閃刃疾風：缠流子高速旋转移动，持续3/4/5/6/7秒，并对附近所有敌人每0.25秒造成30/60/90/120/150点物理伤害。持续时间随疾风等级提升，每秒伤害随闪刃等级提升。旋转期间受到眩晕，嘲讽，沉默
105,闪刃,W,8/7/6/5/4秒 ,24/30/36/42/48生命值,缠流子挥舞太剪刀，对面前所有敌人造成30/60/90/120/150（+0.6/0.7/0.8/0.9/1.0AD全）点物理伤害，命中后进入鲜血沸腾状态。进化：鲜血闪刃。 鲜血闪刃：缠流子以太剪刀划出弧光，对附近所有敌人造成30/60/90/120/150（+0.6/0.7/0.8/0.9/1.0AD全）点物理伤害，命中后进入鲜血沸腾状态。进化：疾風閃刃 疾風閃刃：缠流子高速旋转移动，持续3/4/5/6/7秒，并对附近所有敌人每0.25秒造成30/60/90/120/150点物理伤害。持续时间随疾风等
105,鲜血无拍子,E,12秒,24/27/30/33/36生命值,缠流子进入无拍子状态，增加40/70/100/130/160+25%护甲与法术抗性，无法移动，持续1秒，前方受到攻击则立即结束，对面朝方向反射震波，造成80/140/200/260/320（+0.6AD）物理伤害，并进入鲜血沸腾状态。
105,战维丧失,R,0.1/0.1/0.1/0.1秒 ,5%当前生命值,被动：缠流子使用戰維喪失杀死敌人时，回复自身5%最大生命值。主动：缠流子朝目标冲锋，接触到目标时造成10/60/110/160（+1.0AD全）点物理伤害，冲锋过程中进入鲜血沸腾状态。若该技能杀死英雄/非英雄单位，则吸收2/1战维，每1战维增加1/3/5/7生命上限。叠加上限255层。该技能对同一目标10/9/8/7内无法重复使用。冲锋过程中使用鲜血闪刃能够打断冲锋，如果冲锋被打断时未命中目标，鲜血闪刃会附带战维丧失的生命回复效果。
104,战场的轮回,被动,,,"晓美焰每次击杀/助攻获得净化层数2/1,每层提供2点/5秒法力值恢复,最高10层,死亡后复活时间减少4%*净化度,复活后净化度归零."
104,溯时的祈愿,Q,12/11/10/9/8秒,20法力,"被动:晓美焰每隔7/6/5/4/3秒从时之盾中取出随机武器RPG/M18地雷/M84手雷放置在晓美焰周围,存在3秒,晓美焰可以走到武器上面拾取武器(如果未[持有]武器则加入[持有]栏,已经有武器则替换到[回收]栏)``````主动:晓美焰将[回收]栏中武器替换到[持有]栏,如果[回收]栏中没有武器,则随机取出武器到[持有]栏,使用该技能后3秒内被动失效."
104,奇迹的背袭,W,手枪22/20/18/16/14秒,30/40/50/60/70,"晓美焰使用[持有]栏的武器进行攻击,如果[持有]栏没有武器,则默认为沙漠之鹰：将弹药还原为魔力，进行短距离瞬移。M84震撼弹：对附近所有敌方单位造成190（+0.7额外AD）（+0.6AP）点法术伤害，减少其40%移动速度并致盲（减少100命中），持续1秒。RPG-7/AT-4火箭筒：命中第一个敌方单位或飞行至最大距离时，爆炸，对附近所有敌方单位造成110（+1.1全AD）物理伤害。M18A1阔刀地雷：在指定地点安放，接触敌方单位时小规模引爆，对其造成30/55/80/105/130（+0.4额外A"
104,锁缚的破却,E,18/17/16/15/14秒,20法力,"被动效果:降低攻速,提高攻击力(15%/17%/19%/21%/23%)主动效果:将M249轻机枪加入到[持有]栏M249轻机枪：向前方扇形区域往复扫射，持续1.5秒，每0.1秒对命中的所有敌方单位造成6/12/18/24/30（+0.25全AD）点物理伤害（可暴击、吸血、不触发装备特效）。移动可结束扫射ps：联通是不能结束扫射的"
104,少女的决意,R,90/70/50,50,"晓美焰在时间停止瞬间部署16枚RPG在身边,RPG存在时间为50秒,50秒内可以额外拾取RPG,额外拾取的RPG在15秒内(每次额外拾取时,都会刷新为15秒)通过时间停止能力同时射出(3/4/5)枚火箭弹,对同一目标后续爆炸造成25%伤害.开启技能后立刻将[持有]栏武器替换为RPG,并且接下来15秒内,获得武器均为RPG."
103,视频过载,被动,,,立华奏的下一次技能伤害会获得20%的提升，这个效果每10秒触发一次。
103,音速手刃,Q,4/3.5/3/2.5/2秒,20/25/30/35/40法力,立华奏挥动短剑，对一直线上的目标造成20/40/60/80/100（+1.0全AD）物理伤害该伤害可以暴击，触发攻击特效，暴击伤害为150%。5秒内对同一目标施放则会召唤一层冰层包裹身体，增加物理与法术抗性10/15/20/25/30点，持续2秒。不享受冷却缩减，每次普通攻击会降低音速手刃的冷却时间0.5秒。
103,扭曲力场,W,18秒,50法力,被动效果：增加7/9/11/13/15点闪避。主动效果：获得扭曲立场保护，减少受到伤害的20%，并将其反弹给伤害来源（防御塔除外），持续4/4.5/5/5.5/6秒。
103,波形延迟,E,14/13/12/11/10秒,50法力,对自身附近所有敌方单位造成60/90/120/150/180（+0.8额外AD）点物理伤害，并提升自身攻击速度30%/35%/40%/45%/50%和移动速度40%，降低范围内敌方单位20%的攻击速度和移动速度，持续3秒。在加速期间立华奏的每次普通攻击都将延长自身的加速时间1秒，最多延长3秒。延长的时间会在初始时间结束后生效。
103,高频咆哮,R,100/90/80秒,100法力,交叉2级音速手刃发出的音波冲击，对附近所有敌方单位造成200/300/400（+0.8额外AD）点物理伤害，并眩晕1秒。
102,神威灵装·十番,被动,,,"十香以灵力驱动灵装,法力值在50%以上时获得灵装增幅,每比100%法力低5%,则增加2%攻击力和移动速度.法力值在50%以下时获得灵装保护,每比0%高5%法力,增加2%护甲和法术抗性"
102,鏖杀公,Q,7/6.5/6/5.5/5秒,40/45/50/55/60法力,十香挥动鏖杀公，对前方扇形区域内所有敌方单位造成40/65/90/115/140（+0.45全AD)点物理伤害，同时向该方向斩出一道剑压，对命中的所有敌方单位造成40/65/90/115/140（+0.45全AD)点物理伤害
102,王座,W,22/20/18/16/14秒,50法力,"十香在指定地点召唤王座,对附近敌方单位造成50/90/130/170/210（+0.5全AD)点物理伤害，击退附近所有敌方单位。十香获得一层剑身武装，最大三层。"
102,空间震,E,14/13/12/11/10秒,50法力,"十香引发空间震,4秒内以自身为中心对附近所有敌方单位造成3次击飞，每次附加30/50/70/90/110（+0.4额外AD）（+0.4AP)点伤害"
102,最后之剑,R,50/45/40秒,70/85/100法力,"十香将鏖杀公和王座合成最后之剑,攻击距离增加340,持续(剑身武装层数*2/3/4+5)秒,期间普通攻击造成130%攻击力伤害,每次引发爆炸,对目标附近单位(不包括目标)造成40/55/70（+0.55额外AD）（+0.45全AP)点物理伤害.""鏖杀公""攻击范围增大(不与普通形态共用冷却),""空间震""击飞变为击退,""王座""不可使用,再次使用技能可以收回最后之剑,技能结束后消耗全部剑身武装."
,,,,,
,,,,,
,,,,,
,,,,,
,,,,,
,,,,,
,,,,,
,,,,,
,,,,,
,,,,,
,,,,,
98,邪王真眼使,被动,无,无,六花使用显卡切换来改变自身的作战模式。在Avida/Nti模式下每使用一次技能（不包括显卡切换）减少82/增加122中二度。Avida/Nti模式下的普通攻击减少22/增加22中二度。中二度最高为666，每22中二度增加1%法术强度。显卡切多也会爆，当中二度达到最高时，切换为Outel模式，无法使用Avida与Nti模式下的技能，持续5秒，每秒对附近所有敌方单位造成42（+0.62AP）点法术伤害。结束后中二度减为222.
98,永恒之枪,Q,8/7/6/5/4秒,122中二度,Avida：六花，用伞敲。六花挥伞击飞面前扇形区域内所有敌方单位。Nti：永恒之枪！邪王真眼使向指定方向投出闪耀的光之长枪，对命中的所有敌方单位造成62/92/122/152/182（+0.62AP）点法术伤害，若目标处于由Avida模式任意技能施加的负面状态中，则额外造成22/42/62/82/102（+0.32AP）点法术伤害。
98,漆黑之盾,W,12秒,122中二度,Avida：六花，丢个伞。六花向指定方向扔出伞，飞行1秒，停留1秒，期间命中的所有敌方单位因害怕绊倒而减少22%/32%/42%/52%/62%移动速度，持续2秒。Nti：漆黑之盾！邪王真眼使为自身张开暗之结界，获得一个能吸收22/32/42/52/62%伤害的护盾，持续2秒。护盾消失时对附近所有敌方单位造成62/102/162/222/282（+0.62AP）点法术伤害。
98,阿瓦隆粉碎,E,14秒,82中二度,Avida：六花，跳一下。六花跳向指定地点，差点摔倒。这让附近所有敌方单位感到非常无语，沉默0.5秒。Nti：阿瓦隆粉碎！邪王真眼使咏唱圣言，对目标区域内所有敌方单位造成62/112/162/212/262（+0.72AP）点法术伤害，并减少其5%/10%/15%/20%/25%法术抗性，持续3秒。
98,显卡切换,R,5/4/2秒,无消耗,被动：A卡音质好，N卡网速快。六花在Avida模式下获得5%/10%/20%冷却缩减，Nti模式下增加5%/10%/20%移动速度，普通攻击变为远程，伤害类型变为法术且附加法术伤害。两种模式下技能效果不同。主动：六花在Avida显卡与Nti显卡之间切换。Outel模式下无法进行切换。
96,可变式羽翼系统,被动,无,无,伊卡洛斯每次施放技能时羽翼闪耀变色，增加7%攻击速度与5%移动速度，持续3秒，最高可叠加4层。
96,Artemis,Q,16/14/12/10/8秒,40/45/50/55/60法力,"被动:伊卡洛斯的普通攻击对目标附加1层准星与0.06额外AD*准星数的物理伤害（可以暴击），准星持续4秒，最多叠加12层。主动效果：伊卡洛斯向指定放下发射一组Artemis导弹，子弹会对路径上的敌人造成30/60/90/120/150（+0.35额外AD）物理伤害,对非英雄单位造成额外50%伤害，命中敌方英雄后将对其连续发射四组Artemis导弹，每组造成10/15/20/25/30（+0.2额外AD）点物理伤害，且有70%几率附加1层准星，反之则造成0.2秒眩晕。"
96,Aegis,W,无,无,被动：伊卡洛斯每进行7次普通攻击，获得Aegis护盾，脱离战斗6秒后消失，并获得6次普攻计数，此后每5秒衰减1层。进行普攻后不再衰减。该护盾可抵挡一次伤害，并在此后1.5秒内持续抵挡30%/35%/40%/45%/50%伤害。（已存在未触发的护盾时不计数）
96,lcarus,E,10秒,50法力,伊卡洛斯向指定地点高速滑翔，此后3秒内增加20%攻击速度，期间第一次普通攻击额外附加20/40/60/80/100（+0.4AD额外）物理伤害与1层准星。每次普通攻击都会降低E技能lcarus的冷却时间1秒
96,Apollon,R,100/90/80秒,100/120/140法力,伊卡洛斯向指定方向射出光箭，对命中的第一个敌方英雄造成100/175/250（+0.7额外AD）物理伤害，4秒内使其受到伤害加深10%/20%/30%。光箭命中英雄后爆裂，4秒内对附近所有敌方单位每0.5秒造成25/35/45（+0.35额外AD）点物理伤害
95,狂暴,主动,120秒,最低30怒气,"猩猩状态下只有普通攻击，增加30%移动速度，并且每秒增加20%攻击速度，20%攻击力，20%护甲，6%物穿，持续期间每秒扣除10点怒气，开启时每10点怒气增加1秒持续时间，持续时间结束后变回原型，所有技能禁用5秒，并减少15%攻击速度，15%攻击力，15%护甲，20%移动速度。
变猩猩时会给周围600范围内敌人施加1秒减速40%的负面状态。
猩猩状态下所有技能不能使用，杀死一个英雄增加30点怒气，猩猩状态可以被净化。每次普通攻击击中目标使得目标减速50%，持续0.5秒。
小悟空形态下每次使用普通攻击增加5"
95,残像拳,Q,10/9/8/7/6,无,闪现到敌人身边，对目标造成50/85/120/155/190+（1.1全AD）点物理伤害，增加10点怒气。
95,召唤筋斗云,W,24/22/20/18/16,无,召唤筋斗云，大幅度增加自身的移动速度，持续2秒（每50点怒气额外增加1秒），开启后获得空中视野，增加自身20/25/30/35/40%移动速度，并且忽略动态阻碍，攻击和被攻击伤害大于20也会停止。
95,金箍棒,E,18/17/16/15/14,10点怒气,金箍棒变长捅向前方，范围内所有敌人造成80/125/170/215/260+（0.9额外AD）点额外物理伤害，并眩晕0.5秒，命中英雄后增加5点怒气。每命中一个英雄单位额外增加自身10%的暴击，持续时间3秒，最多叠加4层。
95,龟派气功,R,120/105/90,所有怒气,梗着师傅龟仙人学习的技能，具有极强的威力，蓄力2秒后发出龟派气功，命中第一个敌方单位后爆炸，产生范围250/350/450的300/500/700+（1.2AP）点法术伤害，并降低目标移动速度40%，持续1秒（每20点怒气额外增加0.1秒）。在蓄力开始直接获得40怒气，过程中每秒增加12怒气。怒气值90以上的情况下使用会直接释放龟派气功。蓄力过程中不能移动，可以使用s键打断。
94,残暴,被动,,,战士娃普通攻击暴击时触发残暴顺劈，额外对附近最多3名目标造成80%的普攻伤害，并增加自身移动速度15%持续3秒。残暴顺劈每两秒最多触发一次。
94,致死打击,Q,2.0,30点怒气,战士娃猛烈斩击敌人，造成20/50/80/110/140（+1.1全AD）点物理伤害，并使敌人进入致死状态：3秒内治疗效果减半。每次致死打击增加战士娃15%暴击率持续6秒，最多叠加5次。当致死打击暴击时消耗所有暴击层数。
94,雷霆震击,W,16秒,20怒气,战士娃震击地面，对附近300范围内所有敌人造成50/85/120/155/190（+0.6额外AD）点物理伤害，使之定身0.5秒，并且三秒内移动速度降低35%。
94,冲锋,e,14/13/12/11/10秒,无消耗,战士娃向6.0范围内的目标冲锋，对敌人造成1秒晕眩并增加自身30点怒气，如果是队友则添加援护效果，受到伤害减少50%并转移给战士娃，最多生效2次或持续3秒，援护目标只会进入一半的冷却时间
94,旋风利刃,r,70/60/50秒,无消耗,战士娃飞快旋转武器，每0.6秒队周围敌人造成35/70/105（+0.8全AD）点物理伤害，伤害可以暴击。旋风利刃状态下战士娃增加10点怒气，持续4.8秒。获得减伤效果，受怒气影响最高减伤50%。
93,白tang夜niao叉bing,被动,无,无,银时每损失5%生命值增加1%攻击力、4%的攻击速度、1%的伤害减免。身为白tang夜niao叉bing，银时被含糖量较高的技能攻击时，额外受到0.4（向下取整）真实伤害。（包括切糕糖浆、盐汽水、超杀汽水弹）
93,牙dou突s,q,14秒,55/65/75/85/95法力,银时向目标方向发起冲锋，对路径上的所有敌方单位的弱ju点hua发起攻击，造成50/85/120/155/190（+0.8额外AD）点物理伤害，并使其在1秒内眩dou晕m
93,扰tu乱cao,w,15/14/13/12/11秒,50法力,银时扰tu乱cao一个敌方英雄，造成60/90/120/150/180（+0.4全AD）点真实伤害并使其心fang神qi不zhi宁liao，2秒内命中减少100.
93,飞bi剑shi,e,10/9/8/7/6秒,50法力,银时指定一个敌方单位投出飞bi剑shi，对目标造成60/100/140/180/220（+1.0额外AD）点物理伤害，并使目标流e血xin，2秒内降低其20%的移动速度与16%护甲目标周围250范围的敌人被这一残e忍xin的画面震惊，受到一半的伤害与减益效果，该技能对非英雄单位造成150%的伤害
93,阿姆施特朗炮,r,120秒,100/125/150,银时召唤阿姆施特朗回旋加速喷气式阿姆施特朗炮，2秒后发射，将自己轰击至地图上任意指定地点，落地时产生爆炸，对附近所有敌方单位造成350/500/650（1.0全AD）点物理伤害，当离开中心点250范围时，每远离50距离，伤害降低10%，最低50%。（如果在发射前被打断，将会进入10秒冷却）
92,金刚力,被动,180秒,无,"夜夜的牡蛎回路""金刚力""能使自己的体质超硬质化，护甲提升15%，并且护甲15%转化为额外攻击力，竞技场中最多增加75点攻击力。当夜夜的生命值低于30%时，会在8秒内吸收周围800范围内友方英雄当前法力值的4%来恢复自身最大生命值的2%（最多恢复50%的生命值，没有法力值的英雄无法为夜夜提供生命恢复）。"
92,破却水月,q,8/7/6/5/4秒,40点法力值,夜夜用拳头缓慢的接触敌人身体造成40/70/100/130/160 （+1.3全ad）点物理伤害，并在目标体内爆发一股强力冲击，击退目标周围200范围内的敌人。
92,楸木太刀影,w,18/16/14/12/10秒,80点法力值,夜夜朝一个方向高速冲锋，撞到第一个目标后会停止，对目标造成 80/140/200/260/320(+0.8额外ad) 点物理伤害，并眩晕目标1秒。同时在接下来的4秒内，夜夜承受的伤害降低10%/12%/14%/16%/18%。
92,旋转吧！雪月花/月影红莲,e,20/18/16/14/12秒,30/35/40/45/50点法力值,雪月花：夜夜像旋风一般回转，期间能格挡所有普通攻击，并且无视单位阻挡，持续4秒或格挡3/4/5/6/7次普通攻击。旋转过程中会持续提升20%移动速度，并在4秒内提升50%。旋转期间可以使用二段技能：月影红莲。 月影红莲：夜夜提出令空气都变得炽热的一击，对目标造成50/80/110/140/170 （+0.6全ad）点物理伤害并降低30%移动速度，持续2秒。每格挡一次普通攻击，二段伤害提高10%，旋转期间使用任意普通技能都会中断旋转。
92,红色有角三倍速,r,120/105/90秒,无消耗,夜夜变身进入”红有三“模式，解除身上所有控制效果，刷新所有普通技能冷却时间，并且获得20%/30%/40%的冷却缩减，提高30%/45%/60%的攻击速度与20%/30%/40%移动速度并且持续期间所有普通技能将不再消耗法力值。持续7/9/11秒。
91,女仆助您下楼梯,被动,60秒,无,清扫期间，咲夜的单体攻击(普通攻击或“完美潇洒的世界”)将附带效果：在无人知晓的时停中将附近所有地方单位偷偷搬开，但目标不受影响。
91,完美潇洒的飞刀,q,6/5.5/5/4.5/4秒,45/55/65/75/85法力,咲夜指定目标地点后甩出4柄飞刀，从不同方位向目标发射，每柄飞刀对接触的所有敌方单位造成40/70/100/130/160（+0.4AP）点法术伤害，对同一目标的重复伤害衰减70%。
91,完美潇洒的时计,w,22/20/18/16/14秒,80法力,咲夜在目标区域投放持续3秒的时计，大幅减少区域内飞弹的移动速度与除咲夜本人外所有单位的移动速度、攻击速度。（飞弹包括大部分飞行道具类技能与远程普通攻击）施法距离：500/550/600/650/700以下技能不受此技能影响桐人R技能星爆气流斩梦梦E技能藤蔓梦梦R技能尾巴炮伊莉雅R技能多元重奏饱和炮击蛇叔W技能杀意之刃小悟空W技能金箍棒菲特R技能圣刃形态：雷焰圣刃
91,完美潇洒的女仆,e,17/16/15/14/13秒,45/55/65/75/85法力,咲夜改变时间流速开始清扫，3秒内增加40%移动速度。期间“完美潇洒的飞刀“可结束清扫，使飞刀数量增加一半且第一刀伤害增加30%；或使用“完美潇洒的时计”结束清扫，对区域内所有敌方单位造成80/120/160/200/240(+0.6AP)法术伤害
91,完美潇洒的世界,r,100/80/60秒,100/125/150法力,咲夜停止一个敌方英雄的时间，1.5秒内使目标无法移动攻击或施法（不能被解除，不受韧性减免）并对目标甩出大量飞刀。然后时间开始流动，飞刀一起发射，造成300/400/500(+0.9AP)点法术伤害。
90,GUNDAM,被动,无,无,相位装甲提供了良好的防护，GUNDAM拥有50初始护甲与40法术抗性（相当于其他英雄10级时的属性），但其防御属性不随等级成长
90,高能量高速步枪,Q,7/6/5/4/3秒,20法力,被动效果:普通攻击有14%/18%/22%/26%/30%概率造成（0.4全AD）点额外物理伤害(该伤害可以暴击，切换自由模式后概率与额外伤害降低)主动效果:切换为自由模式，获得远程攻击能力同时开启光压推进系统， 提升2%/4%/6%/8%/10%移动速度且无视单位阻挡
90,超级龙骑兵系统,W,20/19/18/17/16秒,80法力,对已方英雄:使用光束突击炮组成一个持续2.5的护盾，抵挡所有伤害，若单次伤害大于70/100/130/160/190点（+0.6AP）点(强袭模式下对自己释放的护盾持续时间与效果提高30%)，则护盾崩溃，受到全额伤害。对敌方英雄：发射光束突击炮，每秒持续造成15/25/35/45/55（+0.2额外AD）点物理伤害，持续8秒，目标离开自身700范围立刻结束
90,复列相位高速炮,E,10/9.5/9/8.5/8秒 （前摇时间400毫秒）,70法力,对前方造成一次强光束攻击，造成60/90/120/150/180（+0.35AD）（+0.5AP）点真实伤害
90,FULL BURST MODE,R,100/90/80秒,100/125/150法力,多重锁敌，火力全开，锁定目标区域内最多12个单位，施放共12道小光束，并向目标方向施放一道大光束，每道小光束造成85/120/155（+0.35AD）（+0.65AP）点真实伤害，对同一单位作用的后续小光束只能造成10%的伤害，大光束造成200/300/400（+0.8AP）点法术伤害
89,好男人,被动,无,无,受到攻击后，降低敌方40%的攻击速度，持续1秒
89,银剑风暴,Q,12秒,60法力,每0.25秒对周围180范围内的敌方单位，造成10/15/20/25/30（+0.2额外AD）点物理伤害，若击中被忽悠的目标则会额外造成50%物理伤害，持续5秒共造成200/300/400/500/600（+4.0额外AD）点物理伤害最多造成300/450/600/750/900（+6.0额外AD）点物理伤害
89,忽悠,W,0秒,无,普通攻击时会顺便忽悠目标一下，不能在5秒内离开小贤500范围，否则遭到70/120/170/220/270（+1.0全AD）点物理伤害，持续5秒(不会忽悠已有忽悠状态的单位)
89,调戏,E,0秒,无,遭受到小贤技能的单位有14%/18%/22%/26%/30%的概率会怒火中烧，被嘲讽0.75秒，已被嘲讽的目标不会重复被嘲讽
89,口蜜腹剑,R,70/50/30秒,100法力,意淫目标，对目标造成350/500/650（+1.5全AD）点物理伤害，若没有杀死目标，为目标恢复一半的伤害值，并且回血期间目标将降低30%的移动速度，共持续5秒
88,厚颜无耻,被动,无,无,脸皮比城墙还厚，对负面效果的抵抗力特别强，增加35点韧性
88,舍身取利,Q,6秒,无,跃起斩击敌人，造成50/120/190/260/330（+1.2全AD）真实伤害，但自身也会受到40%的伤害(不能用来自杀)
88,以牙还牙,W,0秒,无,被动效果:减免受到伤害的10/12.5/15/17.5/20%，并反弹给周围所有敌人100/125/150/175/200点真实伤害
88,斗转星移,E,5秒,无,开启效果:抽取护甲值(基础、成长、天赋与装备护甲)，转化为生命值上限，每1点护甲能转化为4/5/6/7/8点生命值上限。并临时获得同等护甲4倍的生命值
88,损人利己,R,75/60/45,无,向周围每个英雄借取20/30/40点攻击力、每个小兵借取6/9/12点攻击力，每个英雄/小兵还会为吕子乔增加4%/1%的移动速度，持续7秒。
87,饱腹感,被动,无,无,攻击4次可以不耗蓝释放一个技能
87,生吞,Q,18/16/14/12/10秒,60法力,"对目标小兵进行撕咬，造成400/525/650/775/900点真实伤害并回复125/180/235/290/345（+1.0AP）点生命值。对敌方英雄使用可以偷取10/12/14/16/18%的攻击力或法术强度（二者取高）,若该英雄身上有旋风火腿的减速效果，则会受到60/100/140/180/220（+0.4AP）点法术伤害，并被眩晕1秒。使用生吞后食之忍者将获得8%/11%/14%/17%/20%的伤害减免效果，持续3秒8秒内下一次普通攻击将附带70/120/170/220/270（+0.4A"
87,食欲振奋,W,15秒,50法力,增加友军或自己25/35/45/55/65%的攻击速度和11/12/13/14/15%的移动速度。如果释放在友军身上，自己也会获得食欲振奋的效果
87,旋风火腿,E,6秒,75/85/95/105/115法力,向一名敌方单位投出肉♂棒，造成85/130/175/220/265（+1.0AP）点法术伤害，并减少目标20%/30%/40%/50%/60%的移动速度和25%的攻击速度，持续4秒
87,脂肪爆炸,R,120/100/80秒,150法力,引导最多3秒，同时降低附近敌人25%攻击速度和49%移动速度。引导完成后，区域内的敌人将受到625/875/1125（+2.5AP）点法术伤害
86,脂肪护盾,被动,无,无,"拥有脂肪护盾保护自己，吸收最大生命值10%的伤害；
10秒内未受到伤害时护盾重置"
86,倒打一耙,Q,6.5秒,50/55/60/65/70法力值,对目标造成70/130/180/220/270（+0.6AP）点法术伤害，并偷取其14/17/20/23/26%的移动速度，持续5秒。
86,无坚不摧,W,20秒,50法力,提升20/25/30/35/40%的护甲，并且立刻刷新被动护盾，这个护盾存在期间普通攻击可以减少所有其它技能1秒。
86,崩裂大地,E,7秒,50/55/60/65/70法力,猛击地面，对周围敌人造成60/100/140/180/220（+0.5护甲）点法术伤害，并减少他们30/35/40/45/50%的攻击速度，持续4秒。
86,群山崩塌,R,130/115/100秒,100法力,冲入目标区域，造成200/300/400（+1.0AP）点法术伤害并将区域内的敌人击飞1.5秒。
85,震震果实,被动,无,无,"胡子船长的普通攻击会对敌方单位（包括建筑）产生震荡效果，减少目标4%护甲与魔抗，最多叠加6层
攻击叠满6层震荡效果的目标将回复5%当前已损失生命"
85,兜割,Q,15秒,75/80/85/90/95法力,向前方斩出一团坍缩的能量，不断地收缩拉扯附近敌方目标，每次受能量影响的敌军将受到25/45/65/85/105（+0.15AP）点法术伤害，并附加1层震荡效果。最多拉扯6次
85,乌摇,W,15秒,50/55/60/65/70法力,被动效果:任何攻击胡子船长的敌人将受到反震，减少10%/15%/20%/25%/30%攻击速度。主动效果:震荡空气形成护盾持续8秒，吸收100/150/200/250/300（+7%最大生命值）点伤害，护盾存在期间受到伤害会给敌人叠加1层震荡效果并减少震空1秒冷却时间。
85,震空,E,10秒,50/55/60/65/70法力,猛烈震荡空气，对周围所有敌人造成80/130/180/230/280（+0.7AP）点法术伤害并减速20%/25%/30%/35%/40%持续3秒。若目标已受到震荡效果，则会消耗震荡效果将其震离地面。
85,空间崩裂,R,105/95/85秒,100/150/200法力,向目标区域大力跳斩，击飞范围内所有敌人造成225/325/425(+0.9AP)点法术伤害，并附加1层震荡效果。
84,重击,被动,无,无,"被动技能,,普通攻击对建筑造成150%的伤害，20%的概率降低敌方单位30%攻击速度，持续2秒"
84,风暴锤击,Q,14/13/12/11/10秒,60/65/70/75/80法力,锤击一个敌方单位，造成40/60/80/100/120（+1.2全AD）点物理伤害，并眩晕1.25秒
84,蛮锤之怒,W,10秒,80法力,"用大锤震击地面,对周围非英雄单位造成120/210/300/390/480（+0.7AP）点法术伤害,对英雄伤害效果减半并降低50%的移动速度，持续3秒"
84,勇士底力,E,0秒,无,被动效果:受到敌方单位的攻击会在5秒钟内降低目标单位下一次攻击对自身的造成的伤害，可以累积，最低累积间隔0.5秒，每次额外降低4%/5%/6%/7%/8%的伤害，最多累积5次最多降低20%/25%/30%/35%/40%的伤害
84,冲锋陷阵,R,50/35/20秒,50法力,蛮锤勇士飞速冲向目的地，冲锋结束后会嘲讽周围敌人，持续1秒，并且在自身形成力场甲壳增加50/70/90点物理抗性和50/70/90点法术抗性，持续3秒
83,愈战愈勇,被动,无,无,"被动技能,,每次攻击增加2/3/4点护甲和法术抗性，最多叠加10层，持续5秒；对英雄叠加层数加倍。"
83,丈八蛇矛,Q,4秒,30/35/40/45/50法力,张飞挥舞蛇矛，对周围敌人造成50/80/110/140/170（+0.6全AD）点物理伤害。每击中一个敌人叠加一层被动。
83,破胆怒吼,W,13/12/11/10/9秒,60/65/70/75/80法力,张飞怒吼一声，恐惧周围敌人1秒并造成70/110/150/190/230（+0.8AP）点法术伤害。
83,万人敌,E,15/14/13/12/11秒,50法力,张飞跳入敌阵中，并标记周围敌人。普通攻击被标记的敌人会回复28/36/44/52/60点生命，并消耗标记。使用丈八蛇矛造成的回复量减半。
83,猛张飞,R,90/80/70秒,100法力,开启时解除负面状态，接下来8秒内普通攻击变为狂暴打击，最多4次狂暴打击每次额外造成目标最大生命值的10%/13%/16%+120/180/220的法术伤害（对非英雄单位每次最多造成700点伤害）同时每次附加致残状态，减低目标攻速/移速20%/30%/40%，持续2秒。减速效果对同一单位可叠加。只要狂暴打击的次数没有用完，就能够增加15%的移动速度和50韧性。
82,无敌,被动,无,无,“无敌”是阿尔萨斯最爱的坐骑战马，增加100魅力值：周围1000范围内有敌方英雄死亡时，死亡骑士会获得助攻。
82,死亡之握,Q,18/17/16/15/14,100点法力值,"""死亡骑士用霜之哀伤聚集黑暗能量向前方喷射，将碰撞的第一个单位传送到自身附近，对友军恢复80/130/180/230/280+0.8AP生命值，对敌人造成80/130/180/230/280+0.8AP法术伤害。"""
82,无光盾,W,14/13/12/11/10秒,90点法力值,用黑暗能量创造持续6秒的盾牌来保护友方单位，共吸收60/100/140/180/220+0.7AP点伤害，若护盾被击破或持续时间结束，会对周围的敌人造成60/100/140/180/220+0.7AP法术伤害。施法时可以移除目标身上大部分的负面效果。
82,霜之哀伤,E,10秒,50点法力值,被动效果：普通攻击降低目标20/25/30/35/40%攻击速度和5/10/15/20/25%移动速度，提升攻击者20/25/30/35/40%攻击速度和15%移动速度 主动效果：以自身为中心用黑暗能量创造寒冰结界，走出结界的敌人会降低25%/30%/35%/40%/45%移动速度。
82,回光返照,R,80/70/60秒,无,"激发体内巫妖王的力量,下一次普通攻击造成沉默，沉默时间1.5/1.75/2秒并清除自身负面效果，每秒恢复自身最大生命值的2%，增加自身40%/60%/80%攻击力和 40/60/80法术强度，持续7秒"
81,机械护盾,被动,无,无,"每次承受伤害获得1点过载能量，来自英雄的伤害会提供双倍的过载能量，过载能量会提升库奇技能的效果。
过载能量积攒到100层时溢出并转化为1点过载护盾，每点过载护盾能格挡1点伤害。初始5点，最大25点"
81,能量泄露,Q,3秒,10%过载能量,对范围内敌方造成40/65/90/115/140/165（+0.15全AD）（+0.2AP）点法术伤害。每2点过载能量造成1%减速效果，减速效果持续3秒。
81,报偿打击,W,12秒,10%过载能量,对敌方造成60/100/140/180/220/260（+0.7AP）点法术伤害并沉默1/1.3/1.6/1.9/2.2/2.5秒。每2点过载能量造成1%额外伤害。
81,火弹,E,50/45/40秒,10%过载能量,召唤火弹从天而降，火弹会点燃敌人，在3秒内每秒受到50/80/110（+0.3AP）点法术伤害，并每秒降低护甲和法术抗性10/15/20秒，最多3层。如果目标身上存在冰弹状态，会受到额外一次伤害。每2点过载能量造成1%额外伤害。
81,冰弹,R,50/45/40秒,10%过载能量,召唤冰弹向目标飞去，碰撞到敌方单位后爆炸，小范围内造成160/240/320（+1.0AP）点法术伤害，同时减速更大范围内的敌人，并对他们造成一半的伤害。如果目标身上存在火弹状态，则对目标周围小范围内敌人造成1秒晕眩。每2点过载能量造成1%额外伤害。
80,魔鬼契约,被动,无,无,被动技能：每秒恢复你自身最大生命值的0.3%生命值。
80,斑马王子,Q,16/15/14/13/12秒,30/50/70/90/110生命,扔出一头斑马，将目标踢到自己面前并且造成点60/120/180/240/300（+0.8AP）点法术伤害。
80,切糕糖浆,W,4秒,10/15/20/25/30生命,"开启:耗费你的生命,每秒对周围的敌人造成35/50/65/80/95（+0.25AP）点法术伤害，并提高自身10/15/20/25/30点韧性。"
80,乾坤一掷,E,16/15/14/13/12秒,30/50/70/90/110生命,将自己身边最近的一个单位投向目标单位，并对目标单位及其周围250范围的敌方造成60/100/140/180/220（+0.6AP）点法术伤害，并减少35%的移动速度，持续1.5秒。
80,生命杠杆,R,75/70/65秒,20%现有生命值,12秒内恢复40%/50%/60%的最大生命值，另外移动速度提高15%/25%/35%。
79,化学烟雾,被动,无,无,"被动技能,每次释放基础技能击中敌人都会对其造成减速,基础技能等级越高，减速效果越强。
减速成长：
1级30%，2级35%，3级38%，4级42%，5级47%"
79,危险实验,Q,16/15/14/13/12秒,80法力,鲍勃引燃一颗引力场炸弹，将附近400范围内敌方单位牵引到自身周围并造成40/85/130/175/220（+1.0全AD）点物理伤害。
79,机械链爪,W,20/18/16/14/12秒,80法力,鲍勃丢出机械链爪，击中目标会将自己拉到目标身边，造成80/125/170/215/260（+1.0额外AD）点物理伤害以及1秒眩晕
79,奇迹导弹,E,6/5.5/5/4.5/4秒,40法力,鲍勃发射出奇迹导弹，对范围目标造成40/85/130/175/220（+0.6全AD）点物理伤害。
79,加速齿轮,R,135/125/115秒,100法力,开启时给周围友方英雄增加30%/40%/50%移动速度，加速齿轮持续4/6/8秒，期间可以牵引拥有加速的友军，牵引成功会破坏加速齿轮，被牵引的英雄将获得强化金属状态，增加1000点双抗，持续2秒。
78,嗜血修罗,被动,无,无,令周围的敌人胆颤，攻击夏洛特的敌人降低3点命中，可以叠加5层，持续4秒
78,破空剑,Q,16/15/14/13/12秒,50/60/70/80/90法力,对目标及其周围最多3个单位发起5次突袭，最终回到目标身边，对每个周围的单位最多只会造成一次伤害，目标会承受剩余的所有次数(后续伤害只会造成10%的伤害)，每次造成80/130/180/230/280（+1.0额外AD）点物理伤害
78,迅光三角剑,W,0秒,无,被动效果：有10%/12.5%/15%/17.5%/20%的概率招架掉（+0.5全AD）点伤害，并对其反击造成30/55/80/105/130（+0.4全AD）（+0.2AP）点法术伤害。(内置冷却时间0.5秒）
78,致命三角剑,E,6秒,75法力,对目标造成30/55/80/105/130（+0.4全AD）（+0.2AP）点法术伤害。若目标4秒内受到过破空间伤害则对其发起突袭并眩晕1秒，3秒内造成当前生命值6%/9%/12%/15%/18%的物理伤害(对怪物最多造成600点物理伤害)；否则则减少20%/30%/40%/50%/60%的移动速度，持续1.5秒
78,七星光芒剑,R,110/100/90秒,100法力,对目标英雄造成300/450/600（+1.5全AD）点物理伤害。如果目标生命低于20%，会立刻斩杀目标。用这个技能杀死敌方英雄可以立刻刷新技能冷却。
77,虔诚光环,被动,无,无,提高周围友方单位15点法术抗性和5%法术抗性
77,制裁之锤,Q,18/17/16/15/14秒,70/75/80/85/90法力,向目标单位丢出一把制裁之锤，造成50/90/130/170/210（+0.8全AD）点物理伤害，并晕眩1.5秒。 
77,审判,W,12/11/10/9/8秒,50法力,审判目标单位，造成70/115/160/205/250（+0.8AP）点法术伤害，并减少10/15/20/25/30点护甲，持续3秒；若目标被制裁之锤晕眩，则额外提高50%的伤害。最高造成105/172.5/240/307.5/375（+1.2AP）点法术伤害
77,清算,E,20秒,80法力,被动效果：减少自身所受到的2%/4%/6%/8%/10%伤害。 主动效果：开启后取消被动效果，8秒后将受到的所有伤害的30%+40/80/120/160/200基础值转化为法术伤害，反馈给周围的敌人；可以手动结束效果。
77,圣盾术,R,120/105/90秒,100法力,免疫所有伤害持续3/4/5秒。
76,五行遁术,被动,无,无,牛魔王进入光学迷彩力场时会增加10%护甲和法术抗性，离开草丛后可以保持5秒
76,天魔解体大法,Q,5,无,立即对目标造成55/90/125/160/195（+3%最大生命值）点真实伤害。每次受到普通攻击会降低这个技能0.5秒冷却时间。
76,平天手衡心法,W,14/13/12/11/10秒,无,创造出一个可以吸收70/120/170/220/270（+0.7额外AD）点伤害的护盾，持续4秒，每损失1%的生命值，护盾可吸收的伤害就增加0.7/1.2/1.7/2.2/2.7。护盾持续期间攻速提高30%护盾最高可吸收140/240/340/440/540（+0.7额外AD）点伤害
76,五雷天心正法,E,12,无,平天大圣释放雷击，减少附近敌人20%移动速度，并每秒受到25/35/45/55/65（+0.35额外AD）点物理伤害
76,灭天三式,R,45/40/35,无,向目标冲锋，将目标眩晕1.5秒，并且对目标造成200/300/400（+1.0全AD）点物理伤害，施法距离5/6/7
75,怪异杀手,被动,无,无,姬丝秀忒·雅赛劳拉莉昂·刃下心的普通攻击可以对非英雄单位额外造成10/15/20/25点真实伤害并恢复自己6/9/12/15点生命值，这个技能在6/11/16级时获得提升
75,鲜血之吻,Q,10/9.5/9/8.5/8秒,30/40/50/60/70生命,被动效果:姬丝秀忒·雅赛劳拉莉昂·刃下心每损失1%生命值，增加0.2%/0.3%/0.4%/0.5%/0.6%的生命偷取和法术吸血。最多增加20%/30%/40%/50%/60%的生命偷取和法术吸血主动效果:4秒内下次普通攻击会造成额外30/50/70/90/110点物理伤害，并在5秒内造成30/50/70/90/110（+0.75全AD）点物理伤害，可以重置普通攻击，每次普通攻击会降低技能冷却时间1秒
75,血腥风暴,W,26/24.5/22/20.5/19秒,10%当前生命,姬丝秀忒·雅赛劳拉莉昂·刃下心变成一团血雾，期间自身无敌，也无法进行普通攻击和使用技能。雾化期间每0.4秒增加移动速度10%/15%/20%/25%/30%，持续1.6秒。并且会对碰到的敌方单位造成每0.4秒30/40/50/60/70（+0.4AP）点法术伤害最高造成120/160/200/240/280（+1.6AP）点法术伤害
75,夺魄凝视,E,18/17/16/15/14秒,50/60/70/80/90生命,被动效果:姬丝秀忒·雅赛劳拉莉昂·刃下心周围的敌方单位都会减少2%/4%/6%/8%/10%的移动速度和4%/8%/12%/16%/18%的攻击速度。主动效果:姬丝秀忒周围的敌方单位会被她支配，被支配的单位会缓慢走向姬丝秀忒，效果持续0.75/1/1.25/1.5/1.75秒(距离越远时间越短，最低60%)。并造成70/110/150/190/230（+0.7AP）点法术伤害
75,进食,R,90/80/70秒,无,姬丝秀忒·雅赛劳拉莉昂·刃下心扑到目标英雄身边，偷取目标英雄200/300/400（+0.6全AD）点生命值，并将目标定身，持续2秒。
74,狂战士之血,被动,无,无,每点怒气增加0.35%暴击率，每次攻击获得5怒气，暴击获得10怒气；击杀目标则额外获得10怒气。脱离战斗后每5秒损失5怒气
74,斗志高昂,Q,12/11/10/9/8秒,无,被动效果:提升5/10/15/20/25点攻击力，每损失1%生命值额外提升0.15/0.2/0.25/0.3/0.35攻击。最多提升20/30/40/50/60点攻击力每次暴击时恢复相当于自身攻击力20%的生命值主动效果:回复30/40/50/60/70（+1.0AP）点生命值，并消耗所有怒气额外回复生命值，每点怒气回复0.5/0.95/1.4/1.85/2.3生命最多回复80/135/190/245/300（+1.0AP）点生命值
74,刺耳战呼,W,12秒,无,嘲笑敌人，减少身边敌方英雄20/35/50/65/80攻击力，转身逃跑的敌人会被减速30/37.5/45/52.5/60%，持续4秒
74,旋风斩,E,13/12/11/10/9秒,无,对冲锋路线上所有敌人造成70/100/130/160/190（+1.2额外AD）（+1.0AP）点物理伤害，每次打出暴击减少2秒冷却时间可以享受暴击，暴击伤害为150%
74,百战不殆,R,110/100/90秒,无,6秒内完全免疫伤害，生命值最多减少到1，并立刻获得50/75/100点怒气。每击杀一个敌方英雄持续时间延长1秒。在结束后会恢复相当于自身攻击力的生命值。开启期间不会再被斧王的淘汰之刃，夏洛特的七星光芒剑，两仪式的直死之魔眼所斩杀。
73,泰坦之心,被动,无,无,"被动技能,每杀死一个敌人，能提升3点最大生命值，并恢复10点生命值 ；当击杀英雄时，该效果提升10倍，获得助攻时，效果提升5倍
击杀英雄增加30点最大生命值并恢复100点生命值
获得助攻增加15点最大生命值并恢复50点生命值"
73,巨像践踏,Q,13秒,30/40/50/60/70生命,释放践踏攻击，对周围敌方单位造成80/120/160/200/240（+0.6AP）点法术伤害，并附带击飞效果。
73,巨石弹幕,W,2秒,每0.25秒2/3/4/5/6生命值,"开启:耗费你的生命,每秒对周围每0.25秒10/15/20/25/30（+0.08）AP点法术伤害。"
73,巨像冲撞,E,14/13/12/11/10秒,45/55/65/75/85生命,"对目标造成50/100/150/200/25050/100/150/200/250点法术伤害,并附带击退效果,如果在击退过程中受到地形碰撞目标将眩晕1.5秒。"
73,盖亚诅咒,R,90秒,无,诅咒一个敌方英雄，在诅咒期间将自身所受伤害的100%，以真实伤害反馈给中诅咒的英雄，持续4/5/6秒。
72,Ice Make Lance,被动,无,无,"格雷的普通攻击转化为Ice Make Lance（枪骑兵）
对目标造成（+0.8全AD)(+0.2AP）点法术伤害
除此之外没有任何变化
享受物理暴击、物理吸血、法术穿透
不享受法术吸血、物理穿透
伤害是普攻判定，不是技能判定"
72,Ice Geyser,Q,12/11/10/9/8秒,60/65/70/75/80法力,对目标区域施法，1秒后目标点会爆发出强大的冰欠泉，对周围200范围内造成70/130/190/250/310（+0.7AP）点法术伤害，并附带1.25秒的结冰(眩晕)效果
72,Ice Make Saucer,W,30/28/26/24/22秒,80/85/90/95/100法力,制造3个冰飞盘，对碰到的敌人造成30/55/80/105/130（+0.4AP）点法术伤害，并减少60％移动速度，持续1.5秒，飞盘持续7秒。鼠标放置于飞轮任意一(内/外)侧，按住左键超过0.2秒后松开，飞轮轨迹即朝该侧偏移最高造成90/165/240/315/390（+1.2AP）点法术伤害
72,冰刃七连舞,E,15/14/13/12/11秒,50/55/60/65/70法力,将普通攻击转化为近战攻击，攻击速度提高到极限速度，每次攻击造成普通攻击60％/70％/80％/90%/100%（+0.2AP）点法术伤害(享受普通攻击附带的所有效果）；并能招架掉15％/17.5%/20%/22.5%/25%的伤害，持续7秒(7次普通攻击后效果立刻结束)
72,Ice Make Floor,R,150/125/100秒,120法力,在自己脚下制造一大块冰地板，所有敌人走上冰地板都会不受控制的滑行（不可控制状态），直到目标滑出冰地板范围;格雷自身在冰地板上获得100%的移动速度加成；冰地板持续5秒
71,潜踪,被动,无,无,在水中时移动速度提高15%，脱离水面后能保持3秒。
71,投掷鱼叉/波涛,Q,6秒,50/60/70/80/90法力,捕鱼达人向目标方向丢出一只鱼叉，对碰到的第一个单位造成55/95/135/175/215（+0.65AP）点法术伤害。（伤害随鱼叉飞行距离增加，最多增加150%）最高造成137.5/237.5/337.5/437.5/537.5（+1.625AP）点法术伤害猎潮者形态:下次攻击对目标造成40/70/100（+1.0全AD）点额外物理伤害，并且根据目标血量附加额外伤害。（目标血量越低伤害越高，最多增加200%伤害）最高造成120/210/300（+3.0全AD）点额外物理伤害
71,网罟陷阱/冲浪,W,30/27/24/21/18秒,60点法力值,人类形态：沼...捕鱼达人在目标地点放置一个陷阱，踩中陷阱的敌人会被显示12秒，同时被束缚0.5/0.75/1/1.25/1.5秒。陷阱最多可存在3分钟潮汐者形态:艾努扑向前方，落地造成125/175/225（+0.4AP）点范围法术伤害。
71,海风之力/鲨齿,E,10秒,60/80/100/120/140,人类形态：沼跃鱼治疗目标...啊呸！什么沼跃鱼！捕鱼达人治疗目标友军目标50/85/120/155/190（+0.7AP）点生命值，同时在7秒内增加其20%/30%/40%/50%/60%攻击速度。潮汐者形态:艾努爪击面前的敌人，造成150/175/300（+0.4AP）法术伤害。
71,猎潮者,R,4秒,无,人类形态：捕鱼达人变成沼跃...沼跃沼跃沼...捕鱼达人变成猎潮者增加7%移动速度和10/20/30点双抗所有技能转换为猎潮者技能猎潮者形态：捕鱼达人变回人类形态，所有技能转换为人形态技能
70,蓄势待发,被动,无,无,每杀死或助攻击杀一个英雄获得25额外黄金。击杀减少所有技能冷却时间15秒，助攻减少所有技能冷却8秒。
70,寻踪苦无,Q,9/8.5/8/7.5/7秒,无,最多弹射2/3/4/5/6个单位，对主要目标造成60/95/130/165/200（+0.8额外AD）（+0.35AP）点法术伤害，每次弹跳减少10％伤害
70,刺客本能,W,16/15/14/13/12秒,无,被动效果:每一次技能和普通攻击都将附加8/12/16/20/24伤害。主动效果:8秒内，基础技能附带效果。寻踪苦无:对每个敌人都造成全额伤害，并使之所受的治疗效果减少50％，持续5秒。暗影之舞：英雄所受到的伤害减少15％/20％/25％/30％/35％
70,暗影之舞,E,10/9/8/7/6秒,无,瞬间移动到目标身旁，如果目标是敌人，则对其造成80/120/160/200/240（+0.75AP）点法术伤害。
70,杀戮之风,R,60/55/50秒,无,向附近4名英雄投掷10把匕首，每柄匕首造成50/65/80（+0.5额外AD）（+0.25AP）点法术伤害共造成500/650/800（+5.0额外AD）（+2.5AP）点法术伤害
69,坍缩,被动,无,无,每释放技能进行一次充能，获得3个充能下一次释放技能将使自身获得35%的法术吸血，持续3秒
69,深渊裂隙,Q,7秒,50/55/60/65/70,对路径上的敌人造成伤害，射出时造成法术伤害，收回时造成真实伤害40/65/90/115/140（+0.4AP）
69,泯灭,W,10/9.5/9/8.5/8,60点法力值,震退周围的敌方单位，并且造成法术伤害。伤害：60/105/150/195/240（+0.6AP）
69,引力捕捉,E,12秒,60/60/60/60/60,"对目标造成法术伤害，并限制目标行动,伤害：60/100/140/180/220（+0.5AP）持续时间：1s/1.25s/1.5s/1.75s/2s"
69,虫洞穿梭,R,110/95/80,100点法力值,向前冲锋并对附近敌人造成伤害，技能冷却前最多可以使用3次伤害：100/140/180（+0.3AP）
68,巽风祝福,被动,无,无,为所有友方英雄增加3%的移动速度
68,定向气旋,Q,10秒,90/105/120/135/150,"召唤出一股强力的旋风,释放后会对其经过的所有敌人造成60/85/110/135/160（+0.75AP）点伤害+20/30/40/50/60（无加成）每秒充能法术伤害,并将他们击飞。旋风飞行的距离会随着充能时间而增加而延长。"
68,风暴精灵,W,12/11/10/9/8,40/50/60/70/80,"被动效果:提升8%/10%/12%/14%/16%的移动速度,并可以穿越英雄和小兵。,主动效果:对目标敌人造成60/115/170/225/280（+0.8AP）点法术伤害,并减少他们24%/30%/36%/42%/48%的移动速度,持续4秒。技能冷却时失去被动效果。"
68,闪电屏障,E,10秒,70/80/90/100/110,"为目标召唤护罩,吸收80/120/160/200/240（+0.9AP）点伤害并提升他们14/23/32/41/50点攻击力和10%的法术强度,持续5秒(可以作用于防御塔)作用于祭坛时只提供5点护盾值"
68,暴风领域,R,120秒,150/225/300,"""击退周围的敌人，并引导能够治疗的轻风，每秒为周围友军恢复100/150/200（+0.6AP）生命值,持续4秒。"""
67,死亡缠绕,被动,无,无,每使用4次技能后（烧尽需击中目标），下一次技能会附带一个死亡缠绕，对目标造成5%最大生命值的法术伤害，并恢复自身5%最大生命值的血量；同时目标会受到1.5秒的恐惧效果不能攻击与施法。
67,献祭术,Q,14/13/12/11/10,60/65/70/75/80,向目标释放献祭术，造成50/70/90/110/130（+0.4AP全）点法术伤害。并持续灼烧目标6秒，每2秒造成10/15/20/25/30（+0.1AP全）点法术伤害；若灼烧期间受到烧尽伤害时，会延长2秒持续时间。
67,暗影之怒,W,14/13/12/11/10,80/85/90/95/100,对目标区域造成65/100/135/170/205（+0.5AP全）法术伤害并群体晕眩1秒。
67,烧尽,E,1.5秒,50/55/60/65/70,需消耗1个灵魂石，向目标方向发出烧尽，对第一个碰到的目标造成80/135/190/245/300（+0.6AP全）点法术伤害，如目标身上有献祭状态，则会减少目标30%的移动速度。每5秒获得一个灵魂石，灵魂石最多保留2个，若杀死敌人则立刻获得1个灵魂石。
67,混乱箭,R,80/70/60,125/175/225,对目标单位射出混乱箭，造成250/400/550（+0.6AP全）点真实伤害。
66,热力学定律,被动,无,无,"热能到达50时进入危险操作状态,所有技能附加额外效果；热能到达100时进入过热状态,沉默自己6秒。过热状态下攻击附加20+5*等级法术伤害。4秒不使用技能后,接下来2.5秒内每秒降低10热能,2.5秒后每秒降低20热能。"
66,散射弹幕,Q,6秒,20点热量,"使他面前的锥形区域燃烧3秒,对其中的全部单位造成每0.25秒10/20/30/40/50（+0.15AP）点法术伤害。处于""危险操作""状态的时候,此技能增加30%额外伤害，造成120/240/360/480/600（+1.8AP）点法术伤害。对非英雄单位造成一半的伤害。 "
66,蒸汽护盾,W,6秒,20点热量,"制造一个持续2秒并且吸收60/100/140/180/220（+0.5AP）法术伤害的护盾持续3秒,并且获得一个持续1秒的10%/15%/20%/25%/30%的加速效果。 处于""危险操作""状态的时候,移动速度与护盾强度增加30%"
66,飞射齿轮,E,10秒,20点热量,"发射一个旋转的轮锯,对敌人造成55/85/115/145/175（+0.5AP）法术伤害,附加一个持续3秒的可叠加的15%/20%/25%/30%/35%的减速效果。在3秒内可发射第二枚轮锯,不需要额外消耗。 处于""危险操作""状态的时候,伤害和减速效果提升30%。 "
66,硫磺使者,R,105/90/75,无,"朝目标区域发射一连串法术伤害为150/225/300（+0.5AP）的导弹,在燃烧区域内的敌人将每秒受到120/160/200（+0.2AP全）点法术伤害并被减速35%,燃烧区域持续5秒。"
65,千年杀,被动,无,无,"青丘国主对背朝自己的敌人进行普通攻击时，会附带千年杀击飞效果,这个效果对同一目标每10秒只能触发一次。"
65,螺旋手里剑/仙法螺旋手里剑,Q,15/14/13/12/11,75/80/85/95/100,"青丘国主跳向目标点，对该目标区域造成一次范围伤害,造成 70/115/160/205/250（+0.8AP全）点法术伤害。仙人模式强化：伤害与范围提高25%，并造成击飞效果。"
65,九尾妖狐外衣/仙法九尾妖狐外衣,W,18秒,80点法力值,被动效果：周围每多一个敌人英雄时，提高2/3/4/5/6点护甲与魔抗。主动效果：形成持续4秒的外衣，期间受到伤害时，可以立刻治疗自身25/40/55/70/85（+0.3AP全）点生命值，每次触发间隔0.5秒。仙人模式强化：受到攻击后，会立刻反击攻击者，造成50/80/110/140/170（+0.3AP全）点法术伤害。
65,螺旋丸/仙法螺旋丸,E,9/8/7/6/5,30点法力值,青丘国主手中凝聚出螺旋丸，使他的下一次攻击能附带50/90/130/170/210（++0.65AP全）点螺旋丸的法术伤害。并沉默目标1.75秒。仙人模式强化：能附带2次螺旋丸的伤害，并晕眩目标1.75秒。螺旋丸存在状态下，无法获得仙人模式下的螺旋连丸。（螺旋丸/仙法螺旋连丸最多存在4秒，不击出则从使用技能时开始计算冷却，击出则从击出时开始计算冷却。）
65,仙人模式,R,65/60/55,100点法力值,青丘国主进入仙人模式，提高自身15%/30%/45%的移动速度和40%/60%/80%的攻击速度。青丘国主的其它技能也将受到仙法的强化，强化后的技能独立计算冷却。仙人效果持续10秒。
64,甜甜果实,被动,无,无,普通攻击与技能对被石化的敌人会造成目标最大生命值5%真实伤害
64,手枪之吻,Q,2.5秒,40点法力值,将自己的吻射出，对命中的敌人造成40/70/100/130/160+（04AP全）点法术伤害并减速10%，持续4秒。连续命中目标3次会使目标石化1秒。
64,迷恋甘风,W,10秒,80/85/90/95/100,双手摆出爱心的姿势放出光线；被光线击中得人会石化1秒。受到80/130/180/230/280（+0.75AP全）法术伤害。
64,芳香腿,E,16/15/14/13/12秒,50法力,使用技能后增加35％移动速度和125的攻击距离，持续3.5秒状态持续中的下次普通攻击对敌方造成45/85/125/165/205（0.5AP）额外法术伤害；（最高1200点伤害）如果目标被石化，则造成目标12%/14%/16%/18%/20%最大生命值的额外法术伤害。
64,俘虏之箭,R,125/110/95,125/150/175,将自己的吻形成巨大的心形砸向目标区域，造成275/400/575（+0.6AD全）（+0.5AP全）法术伤害并群体石化1秒。
63,贽殿遮那,被动,无,无,"夏娜的第5次普通攻击造成伤害的100%会转换为自身的护盾
夏娜每进行一次普通攻击都会为自身增加一层印记，每层印记会为下一次普通攻击提供10%物理伤害，印记持续5s最多叠加5层"
63,真红,Q,12秒,50/55/60/65/70法力,夏娜召唤实体化的火爪打击敌方单位造成物理伤害，并且火爪会抓取周围敌方单位并造成1秒眩晕。1级：法力消耗50；冷却12s；伤害40+（0.55全AD）2级：法力消耗55；冷却12s；伤害80+（0.55全AD）3级：法力消耗60；冷却12s；伤害120+（0.55全AD）4级：法力消耗65；冷却12s；伤害160+（0.55全AD）5级：法力消耗70；冷却12s；伤害200+（0.55全AD）
63,飞焰,W,15秒,60法力,夏娜召唤3道飞焰，每道飞焰可对敌人造成物理伤害。1级：法力消耗60；冷却15s；伤害25+（1.00额外AD）2级：法力消耗60；冷却15s；伤害45+（1.00额外AD）3级：法力消耗60；冷却15s；伤害65+（1.00额外AD）4级：法力消耗60；冷却15s；伤害85+（1.00额外AD）5级：法力消耗60；冷却15s；伤害105+（1.00额外AD）
63,审判,E,23/21/19/17/15秒,50法力,一段：审判，夏娜审判敌人，对范围内敌人造成物理伤害并减速，在短时间内夏娜可观察到隐藏的罪恶，所有伤害将转换为自身护盾，护盾持续5s二段：审判释放，夏娜将自身所有护盾转换为伤害对范围内敌人再次审判，范围内的敌人平摊伤害1级：法力消耗50；冷却23s；30+(1.0额外ad)2级：法力消耗50；冷却21s；45+(1.0额外ad)3级：法力消耗50；冷却19s；60+(1.0额外ad)4级：法力消耗50；冷却17s；75+(1.0额外ad)5级：法力消耗50；冷却15s；90+(1.0额外ad)
63,断罪,R,100/90/80秒,100/125/150法力,夏娜对敌人进行断罪，对前方范围内敌方目标造成物理伤害并产生击飞1级：法力消耗100；冷却100s；伤害250+（1.00额外AD）2级：法力消耗125；冷却90s；伤害375+（1.00额外AD）3级：法力消耗150；冷却80s；伤害500+（1.00额外AD）
62,电磁场,被动,无,无,"御坂美琴的电磁场会在敌方英雄刚刚接近1200范围时产生感应，获取该敌方英雄1秒视野，同一英雄每15秒最多触发1次。
在电磁场效果存在时，御坂美琴受到近身攻击会打破电磁场，在接下来的1秒内所有近身攻击御坂美琴的敌人将被击退，若击退碰到阻挡将眩晕1秒。电磁场被打破后需要40秒充能。
御坂美琴背对1000范围内的友方白井黑子移动时，会获得额外5%的移动速度加成。"
62,电磁炮,q,1秒,20/25/30/35/40（每个阶段成长+5）,每6秒增加1枚硬币，最多8枚。释放时向前方射出电磁炮，距离600范围（每个阶段+200），对穿透的敌人造成30/55/80/105/130（+0.4AP全）点法术伤害。蓄能6秒不使用将自动进阶为真电磁炮。真电磁炮释放时向前方射出电磁炮，对穿透的敌人造成5/85/115/145/175（+0.6AP全）点法术伤害。蓄能6秒不使用将自动进阶为超电磁炮，释放后降阶为电磁炮。超电磁炮释放时向前方射出电磁炮，对穿透的敌人造成85/120/155/190/225（+0.8AP全）点法术伤害。
62,铁砂风暴,w,20/19/18/17/16s,85/90/95/100/105,向区域内召唤铁砂风暴，持续8秒。站在铁砂风暴内的敌方单位移动速度和攻击速度降低20%。铁砂风暴被御坂美琴的技能击中时会爆炸产生70/100/130/160/190（+0.55AP全）点法术伤害并分裂，分裂铁砂同样会产生爆炸效果，但不再分裂。使用铁砂风暴后3秒内如果战场上存在铁砂风暴，御坂美琴可使用闪步引爆铁砂风暴。
62,雷击之剑,e,12秒,80/85/90/95/100,蓄力射出雷击之剑，雷电扫过长400范围的矩形区域，对区域内敌人造成60/105/150/195/240（+0.45AP全）点真实伤害，减速60%并沉默，持续1.5秒
62,真正的落雷,r,140/120/100s,120/160/200,以自身为中心召唤落雷。范围内所有敌方单位受到0.4秒麻痹效果（无法攻击，移动），在1秒后对引雷地点劈下真正的落雷，小范围造成200/310/420（+0.9AP全）点法术伤害。多次雷击伤害降低50%
61,倾国,被动,无,无,"被动技能,,魅影突袭与影舞斩会消耗掉敌方身上的缠绵悱恻状态，对目标单位造成目标最大生命值*3%*缠绵悱恻层数的法术伤害（对怪物最高造成1350点法术伤害）
貂蝉的普通攻击击中具有缠绵悱恻状态的目标时，会额外造成目标最大生命值*1%*缠绵悱恻层数的物理伤害，（对怪物最多造成300点物理伤害）但不会消耗缠绵悱恻状态。"
61,魅影突袭/魅影迷踪,Q,11秒,65/75/85/95/105法力,对目标单位发起一次突袭，并穿越至目标身后，对其造成80/130/180/230/280（+0.7AP）点法术伤害友方单位不会造成伤害，并激发缠绵悱恻效果，在0.2秒后魅影迷踪技能将会激活，在此之后的5秒内可使用技能来返回到突袭前的地方。
61,天魔绫,W,15秒,60/65/70/75/80点法力值,"若使用天魔绫来保护自身时，能使下2/3/4/5/6次受到的伤害降低50%，只要该状态还在持续，就可以获得每层7%法术吸血和5点攻击力，该效果最多可持续8秒。若使用天魔绫来攻击敌方目标时，能使目标单位定身1/1.25/1.5/1.75/2秒,并附带一层缠绵悱恻状态。"
61,缠绵悱恻,E,1.5秒,25/30/35/40/45法力,向目标方向打出一道灵气，对路线上的所有敌人造成50/80/110/140/170（+0.4AP）点法术伤害，并添加一个缠绵悱恻的状态，使其移动速度降低15%，法术抗性降低10%，持续3秒，该效果可以叠加3次。每次使用技能，将会消耗一个天魔印记。印记每7秒刷新一个，最多持有3个。
61,天魔妙舞/影舞斩,R,80/70/60秒,100/125/150法力,貂蝉使用终极奥义天魔妙舞，立刻恢复所有天魔印记，对自身周围的所有敌方英雄附加1层缠绵悱恻状态，并在接下来的7秒内可以连续发动影舞斩，使用影舞斩时，貂蝉会自动向附近具有缠绵悱恻状态的敌方英雄发起突袭，每次造成100/160/220（+0.7AP）点法术伤害，同时触发缠绵悱恻效果和并且自身免疫控制0.5秒。
60,属性附加,被动,无,无,"每个基础技能到达5级时，会给英雄增加额外40点生命值、5%攻击速度、40点魔法上限、7点法术强度、4点攻击力。
影遁:不受攻击且保持2.5秒不动保持不动会进入影遁状态"
60,群星坠落,Q,11/10/9/8/7秒,55/60/65/70/70法力,召唤群星攻击敌人，对周围所有敌方单位造成80/140/200/260/320（+0.7全AP）法术伤害，并对自身2码内随机一个单位造成60/105/150/195/240（+0.5全AP）额外法术伤害
60,月神之箭,W,18秒,60法力,向远处射出月神之箭，造成90/170/250/330/410（+1.0额外AD）（+0.6全AP）法术伤害。目标与自身每隔300范围增加0.5秒眩晕时间，最多4秒
60,跳跃,E,18/16/14/12/12,40法力,向前方跳跃，并增加自身和周围友军英雄的7/9/11/13/15%移动速度和20/25/30/35/40%攻击速度
60,月之暗面,R,180/160/140秒,无消耗,1S全图友方英雄瞬间进入隐身状态，在5S持续时间内，隐身被打破也会迅速恢复隐身状态
59,属性附加,被动,无,无,每个基础技能到达5级时，会给英雄增加额外40点生命值、5%攻击速度、40点魔法上限、7点法术强度、4点攻击力。
59,暗影突袭,Q,16/14/12/10,80/85/90/95,短时间内降低目标20%/30%/40%/50%的移动速度，对500范围内选定目标造成60/90/120/150（+0.6AP）点法术伤害，15/25/35/45（0.2AP）点每秒的后续法术伤害，持续3秒
59,闪烁,W,12/10/8/6秒,60法力,瞬移至700范围内指定一点。
59,痛苦尖叫,E,6秒,80/85/90/95,痛苦女王发出尖锐的叫声，对周围敌方单位造成70/135/200/265（+0.6AP）点法术伤害
59,超声波冲击,R,100/90/80秒,100/125/150法力,对一条直线上的敌人造成300/460/620（+0.7AP）点法术伤害
58,坚固伞盖,被动,无,无,"提升20点+额外8％的护甲
将自身护甲的25%转化为法术强度"
58,毒菌爆发,Q,7/6.5/6/5.5/5,65/70/75/80/85,发射真菌孢子，击中目标造成75/115/155/195/235（+0.6AP）点法术伤害
58,扎根,W,12/10/8/6/4,无,"让自己扎根大地，增加所有技能300的释放范围和视野范围，且获得空中视野，并增加10％/15％/20％/25％/30％法术穿透。持续8秒或手动取消。技能激活期间不能移动,技能停止后移动速度提高35％持续3秒。"
58,寄生真菌,E,12/11/10/9/8,70/75/80/85/90,"对敌人造成70/120/170/220/270（+0.7AP）点法术伤害,并用生化孢子感染他们，持续3秒。不稳定的法术:技能命中被标记目标时将眩晕目标1.5秒。"
58,蘑菇云,R,80/70/60,150/180/210,"喷射出剧毒的生化物质，对区域中的所有目标造成125/200/275（+0.6AP）点法术伤害,技能冷却前12秒内最多可释放3次。"
57,吸血鬼之触,被动,无,无,周围有敌方英雄死亡时，死神将会吸取其灵魂的精华，使自己额外获得40金钱，周围队友可以获得25金钱
57,灵魂撕裂,Q,8秒,40/45/50/55/60,"向目标投出死亡镰刀，撕裂目标的灵魂，造成70/110/150/190/230（+0.8全AP)法术伤害,并减少目标60%移动速度，每秒效果降低20%，持续3秒"
57,嗜血悸动,W,10秒,70点法力值,下一次普通攻击附带90/150/210/270/330（+0.9全ap）点法术伤害
57,梦寐附体,E,26/24/22/20/18,60/65/70/75/80,可以附体于所有怪物单位（不包括熔岩魔王）和友方英雄身上。附体时无法攻击、施法、移动、但自身无敌，效果直到手动取消或附体单位死亡为止。出现时，对自身周围造成50/90/130/170/210（+0.5全AP）法术伤害，并沉默目标。
57,鬼哭神嚎,R,60/50/40,100点法力值,施放出大量灵魂，攻击周围敌人。每秒造成100/140/180（+0.5全AP）法术伤害
56,腐蚀浸泡,被动,无,无,"用海水腐蚀敌人的身体，舰队统帅每次技能命中目标会额外造成目标最大生命值3%的真实伤害
对怪物最多造成200点真实伤害"
56,冰电之刃,Q,5/4.5/4/3.5/3秒,50法力,"""召唤冰电之刃对单体敌方单位造成80/105/130/155/180（+0.4AP）点法术伤害，若目标身上存在舰队统帅技能造成的负面效果，则额外造成15％法术伤害。最高造成92/120.75/149.5/178.25/207（+0.46AP）点法术伤害"
56,锚击,W,12秒,75法力,"抛出巨锚对碰撞到敌人造成80/125/170/215/260（+0.9AP）点法术伤害,并减少60％移动速度，持续4秒"
56,洪流风暴,E,16/14/12/10/8,80法力,制造洪流风暴对一条线上的敌人造成70/120/170/220/270（+0.6AP）点法术伤害，并沉默2.5秒，期间被沉默单位对舰队统帅造成一次伤害，则立刻终止沉默效果.
56,天海之罚,R,120/100/80秒,100/125/150法力,提督抛出附魔巨锚，对区域敌人造成3秒压制，受到英雄伤害会立刻苏醒。苏醒时会对其造成200/300/400（+0.9AP）点法术伤害。无法被解除且可以对拥有自身免控状态的英雄释放
55,拯救失足的小鸡,被动,无,无,队友或自己都可以捡起地上的小鸡，并获得小鸡专有的效果加成
55,攻击鸡,Q,4秒,45/50/55/60/65点法力值,被动效果：拾取以后可以增加8/16/24/32/40点法术强度与4/8/12/16/20点攻击力，持续3秒主动效果：对目标区域造成70/110/150/190/230（+0.7AP）点法术伤害，距离越远伤害越高，最高提升1.5倍伤害。并附加一个红色印记，受到其他技能伤害时会眩晕0.75秒最远距离造成105/165/215/275/335（+1.05AP）点法术伤害
55,截击鸡,W,6秒,50/55/60/65/70点法力值,被动效果：拾取以后会在5秒内回复10%的法力值主动效果：对目标区域造成65/100/135/170/205（+0.64AP）点法术伤害，会触发并消耗掉该印记，降低目标移动速度35%，持续2秒。
55,突击鸡,E,12秒,70/75/80/85/90,被动技能：拾取小黄鸡的英雄会获得12％14％16％18％20％的移动速度和10％12％14％16％18％的攻击速度，并且在飞行过程中碰到的友军也可以获得此效果 主动技能：对目标造成80/130/180/230/280（+0.7AP）点法术伤害，并附加一个黄色印记，当受到其它技能伤害时，会触发并消耗掉该印记，造成目标沉默1.5秒。
55,轰炸鸡,R,110/95/80秒,100/125/150,对目标范围造成200/300/400（+0.9AP）法术伤害，并击退该范围内所有敌方单位。飞行距离超过1000码后，每飞行500范围伤害降低5％，最低60％
54,真言术韧,被动,无,无,为所有友方英雄增加3%生命值上限。
54,真言术盾/暗言术灭,Q,8秒,70/75/80/85/90法力,"""为目标友方英雄加上一层神圣的护盾,护盾可吸收80/130/180/230/280（+0.7AP）点伤害。护盾结束后会增加一个持续8秒的灵魂虚弱状态。对处于灵魂虚弱状态下的目标施展此技能，护盾可吸收的伤害量减半暗言术灭50法力立刻对目标敌方单位造成90/140/190/240/290（+0.75AP）点法术伤害,同时消耗自己45/70/95/120/145生命值。如果目标生命值低于25%则造成额外100%伤害并且不会消耗生命值"
54,虔诚之跃/心灵尖啸,W,30/27/24/21/18秒,50法力,将目标友方英雄拉到自己身边，并且为其增加18%/23%/28%/33%/38%移动速度，持续2秒心灵尖啸50法力激发周围敌人心中的恐惧，让他们无法控制自己的行动，持续3秒
54,瀑流/暗言术痛,E,8秒,65点法力值,目标射出一道神圣光线，如果目标是敌方单位则爆炸并且对周围所有敌方单位造成65/105/145/185/225（+0.65AP）点法术伤害。如果目标是友方单位治疗范围内友方单位40/75/110/145/180（+0.5AP）点生命值暗言术痛90法力对目标施展恶毒的诅咒，每2秒对目标单位造成20/35/50/65/80（+0.2AP）点法术伤害，并且降低目标法术抗性10/15/20/25/30点。
54,暗影形态/神圣形态,R,5/4/3/2秒,无,变成暗影形态，增加5/10/15/20点护甲和法术抗性和15%的伤害减免。所有技能切换为暗影形态技能变成神圣形态，获得神圣光环，范围内的友方单位增加5/10/15/20点5秒生命恢复。所有技能切换为神圣形态技能
53,庇护之翼,被动,240秒,无,当周围友方英雄死亡时，可以自动复活友方英雄，技能冷却时间240秒（不享受冷却缩减）。
53,天谕秘术,q,30秒,60点法力值,对目标方向射出一道圣光，命中目标时，将会给目标添加一个印记并获得目标的视野，己方英雄靠近具有天谕秘术印记的敌方英雄时，移动速度提高30％，持续10/15/20/25/30秒；裁决之杖与光明审判技能可以激发印记，使其眩晕1.5秒，未命中或触发印记都会将冷却时间缩短为10秒。
53,裁决之杖,w,3.5秒,40/45/50/55/60,对目标区域投下能量法杖。并对范围内的敌人造成60/90/120/150/180（+0.08最大MP）点法术伤害。技能加成受法力值影响。被裁决之杖击中的单位降低30％的移动速度，持续2秒。（此技能加成颜色是代表ap的绿色，实际是MP加成。）
53,光明审判,e,14秒,60/70/80/90/100,对目标施放一道链锁圣光，攻击敌方时造成60/100/140/180/220（+0.1最大MP）点法术伤害，该加成受法力值影响。最多对2/3/4/5/6个目标造成伤害，每次递增5％伤害，降低10/15/20/25/30点护甲与魔抗。治疗己方时可回复60/100/140/180/220（+0.4ap全）生命 值，最多对2/3/4/5/6个目标造成治疗，提高10/15/20/25/30点护甲与魔抗。效果持续3.5秒。
53,神圣守护,r,35/30/25,80/100/120点法力值/秒,开启：每0.5秒恢复周围友方英雄10/17/25（+0.06ap全）点生命值。每损失1％的生命值，额外提高1％的治疗效果。同时每秒消耗的法力值提高5％。
52,慧根,被动,无,无,唐僧每次施放伤害技能命中目标英雄后，都会降低目标英雄的物理攻击力2/3/4/5/6/7点（随自身等级提升），持续4秒，最多叠加6层。
52,三世因果咒,Q,3.5秒,35/40/45/50/55法力,"以自身为中心释放一个范围技能对周围的目标造成60/80/100/120/140（+0.4AP）点法术伤害,并治疗周围己方单位（对小兵的治疗效果减半），治疗的效果相当于伤害的1/4。每击中一个敌方单位，额外增加8％的治疗效果。对英雄治疗15/20/25/30/35（+0.1AP）点生命值对小兵治疗7.5/10/12.5/15/17.5（+0.05AP）点生命值"
52,救世真言,W,18/16/14/12/10秒,80/85/90/95/100法力,对友军释放，增加友军的移动速度35％与法术强度20/30/40/50/60点，持续5秒。对敌军释放，标记目标英雄，降低其移动速度30％，持续3秒。状态结束后定身目标0.5秒，并且在状态持续期间，目标受到的伤害每增加100点，增加定身时间0.25秒。最多定身2.75秒。
52,补缺真言,e,14/13/12/11/10秒,60/70/80/90/100法力,被动效果：唐僧每杀死一个单位，提高自身的法力值上限3点，每杀死1个英雄提高自身法力值上限30点，每获得一个助攻增加法力值上限15点（最多3000点）。主动效果：为指定友方英雄套上一个护盾，护盾提供额外的物理防御与法术抗性20/35/50/65/80点，护盾持续2秒。若在护盾存在期间被敌方英雄攻击，则对攻击者造成40/75/110/145/180，并附带当前法力值10％（+0.1当前魔法值）点法术伤害，并且沉默1秒。
52,大悲咒,R,140/130/120,125/150/175法力,唐僧不停的原地念咒，吟唱1秒后以自身为中心施放一个范围效果，立即对范围内的敌人造成0.5秒眩晕和80/120/160（+0.3AP）点法术伤害，随后每1.5秒造成一次效果，持续3秒。
51,神光棒,被动,无,无,"奥特曼的技能每击中一个目标将增加自身10%的攻击速度，最多50%。
（持续6秒，每次技能击中叠加层数并刷新持续时间。）"
51,斯派修姆光线,Q,6.0/5.5/5.0/4.5/4.0s,30/35/40/45/50,奥特曼发出光线，对第一个命中的敌人造成30/55/80/105/130（+1.1 AD全）（+0.2 AP全）点物理伤害（可附带攻击特效），如果击中一个目标，则减少所有技能1秒的CD。（可暴击、吸血）
51,哉佩利敖光线,W,10秒,50/60/70/80/90,奥特曼放出光流，对敌方英雄造成75/125/175/225/275（+0.6 AP全）点法术伤害并减少其15%移动速度，增加友军15%/20%/25%/30%/35%移动速度，持续3秒。
51,迪拉休姆光流,E,12/11/10/9/8秒,50点法力值,瞬移到临近区域，并向敌人发射光线，对敌方单位造成80/130/180/230/280（+0.75 AP全）点法术伤害。
51,蓝帕尔特光弹,R,80秒,100点法力值,奥特曼蓄力1秒后向目标区域释放光弹，对每个经过的敌人造成350/500/650（+1.0 AD额外）（+0.9AP全）点的法术伤害，每穿透一个敌方单位后伤害递减8％（最低伤害30%）
50,纵火狂,被动,无,60点法力值, 使用技能可以减少其它技能1秒的冷却时间
50,点燃,Q,3.5秒,60法力值,被动效果:增加10%的冷却缩减。主动效果:对目标释放一颗火球，造成70/110/150/190/230（+0.24AP）法术伤害，同时附加4％自身魔法上限的法术伤害使用该技能击杀目标后会返还法力值并且降低冷却时间1秒
50,烈火之罚,W,14秒,60/65/70/75/80点法力值,将目标禁锢0.75/1/1.25/1.5/1.75秒，同时造成80/125/170/215/260（+0.5AP）法术伤害并造成自身魔法上限3％点法术伤害
50,火势蔓延,E,10秒,60/65/70/75/80点法力值,释放一团烈火在敌人和自己之间弹跳，如果目标是敌方则造成50/70（+0.3AP）附加1％自身魔法上限点法术伤害，同时降低对方12/15/18/21/24魔抗，最多弹跳5次
50,焦热地狱,R,70/60/50秒,无,"自身增加25%法术吸血，增加10％/12％/14％移动速度，技能对目标周围的敌方单位造成50％范围的伤害,持续8秒"
49,忍术,被动,无,无,"卡殿下每次普通攻击附带20+等级*5点法术伤害。伤害随查克拉量的减少而降低（满能量时造成满额伤害，空能量不造成伤害）。
每杀死一个单位回复10能量，每杀死一个英雄回复40能量"
49,追牙,Q,12/11/10/9/8,40能量值,"以忍术招来忍犬，追踪敌人,然后咬住敌人造成60/105/150/195/240（+0.4全AD）点物理伤害，并在3秒内持续造成36/60/84/108/132（+0.45AP）点法术伤害，并且减少目标25％移动速度。这个减速效果每秒递增25％，最多3秒"
49,雷切,W,14/13/12/11/10,40能量值,将大量查克拉集中于使出突刺的手，高速冲刺并增加1.5倍的移动速度，持续3秒。对击中的敌人造成60/110/160/210/260（+0.85AP）点法术伤害并定身1.5秒
49,水鲛弹,E,7/6.5/6/5.5/5,40能量值,掌握大量的水，并一口气射向敌人，对击中的敌人造成55/95/135/175/255（+0.3全AD）（+0.4AP）法术伤害。
49,神威,R,100/90/80秒,无,扭曲目标英雄周围的空间，目标3秒内受到攻击会产生45%的额外伤害，3秒后撕裂目标，对目标造成300/450/600（+1.0额外AD）（+1.0AP）法术伤害。实际造成（计算45%增伤后）435/652.5/870（+1.45额外AD）（+1.45AP）点法术伤害
48,烧烧果实,被动,无,无,每次攻击(包括技能和普通攻击)敌人会增加自身5％攻击速度和1％移动速度，最多可以增加到50％攻击速度10％移动速度
48,神火鸡·无名火,Q,12秒,无,在空中将火焰聚集双臂，向指示方向赶出10只火鸡，每只火鸡对碰撞到的敌人造成10/15/20/25/30(+0.2额外AD）（+0.1全AP)法术伤害
48,火拳,W,26/24/22/20/18秒,无,S向前冲锋7码并使用火拳轰击对手，火拳对碰到的敌人造成45/80/105/130/155(+0.7额外AD）（+0.3AP)点法术伤害，并附带灼烧效果，灼烧持续5秒。目标被灼烧的过程中，再次收到来自S的技能或者普通攻击伤害会烧焦目标，造成8/12/16/20/24(+0.1全AP）点法术伤害和0.25秒定身
48,炎戒·火柱,E,3秒,无,将火焰释放出来在自身脚下形成火柱，当敌人接近火柱时，会引发火柱爆破，对周围300范围内敌人造成40/75/110/145/180（+0.35AP）法术伤害并减速30%，火柱最长持续8秒。当火柱被火拳击中会向火拳方向飞行1500范围，并重置火柱的生存时间
48,大炎戒·炎帝,R,120秒,无,将全身的火焰释放出体外形成一个巨大的炎之丸，向目标区域投掷，接下来2秒后坠落目标点对周围3码内造成175/250/325（+1.2额外AD）（+0.5全AP）法术伤害，再过2秒后炎帝爆裂，对周围5码内敌人造成450/500/650（+2.4额外AD）（+1.0全AP）法术伤害并减速60％。
47,白蛇脱壳,被动,45秒,无,"受到超过自身生命值15%伤害时，抵消该次攻击并在原地褪下存在5秒的蛇壳，对触碰到的敌人造成蛇毒效果减速3秒。
每45秒该效果可生效一次"
47,潜影蛇手,Q,14秒,40点法力值,"被动效果:每次普通攻击额外造成15/25/35/45/55（+0.15AP）法术伤害。主动效果:增加蛇叔30%/35%/40%/45%/50%攻击速度和12%/14%/16%/18%/20%法术吸血,被动效果伤害加倍，持续6秒。"
47,杀意之刃,W,16/15/14/13/12秒,7070/70/70/70法力,对范围内敌军造成65/95/125/155/185（+0.6AP）点法术伤害并附加减速，额外标记一名敌方英雄，蛇叔对其造成的伤害降低50%，4秒内若总伤害超过目标最大生命值的8%，则下次蛇叔的普通攻击会额外附加目标最大生命值22%/24%/26%/28%/30%的法术伤害。击杀或助攻会刷新杀意之刃的冷却时间。 
47,双蛇相博,E,16/15/14/13/12秒,50/50/50/50/50点法力值,蛇叔瞬身至敌人身边，造成70/120/170/220/270（+0.65AP）点法术伤害并结印链接敌方。若2秒后链接存在，则造成1.5秒晕眩效果。
47,森罗蛇阵,R,140/130/120秒,100/125/150点法力值,在目标区域召唤森罗蛇阵，蛇阵在4秒内爆发5次50/80/110（*0.25AP）点法术伤害，并对随机一名陷入蛇阵中的敌方英雄发动双蛇相搏。对已被双蛇相搏链接的目标再次发动伤害衰减50%，但立即触发双蛇相搏晕眩效果。
46,空城计,被动,无,无,诸葛亮生命或法力值越少自身技能可造成的伤害越高，两者取低值，最多增加20%全部伤害。
46,火攻,Q,15/14/13/12/11秒,70/85/100/115/130法力,造成35/60/85/110/135（+0.56AP全）法术伤害。并使目标受到灼烧效果，每2秒造成11/18/25/22/39（+0.14AP）点法术伤害，持续8秒
46,洞察/料敌先机,W,22/20/18/16/14秒,50点法力值,"获得3秒护盾，护盾可抵挡一次技能攻击。若成功抵挡则可使用料敌机先技能，使目标英雄无法攻击施法,持续时间1/1.25/1.5/1.75/2秒。"
46,狂风,E,6/5.5/5/4.5/4秒,60/65/70/75/80法力,诸葛亮对面前扇形范围释放一道狂风，对命中的所有敌方单位造成60/90/120/150/180（+0.5AP）点法术伤害并减速30%持续2秒。若目标身中火攻负面状态，则目标会产生一颗火球射向身后，对触碰的所有敌人造成火攻效果。
46,北斗七星续命步,R,135/120/105秒,100法力,开启七星阵后诸葛亮幻化七把羽扇射向周围，羽扇在射出时会对穿过的敌人造成175/225/275（+0.4AP）点法术伤害。当羽扇到达目的地后会停留2秒积蓄能量，随后同时向诸葛亮飞去，中途碰到敌人或到达极限距离后会爆炸释放能量，对小范围敌人造成175/225/275（+0.4AP）点法术伤害并沉默敌人1.5秒并减速30%。对同一目标产生的多次爆炸效果伤害减少40%。开启七星阵时诸葛亮可使用续命步技能在600/900/1200范围内瞬移。
45,冰霜精通,被动,无,无,普通攻击对冰冻的单位造成125%的伤害
45,寒冰箭,Q,1.5秒,50法力,吟唱0.6秒后，对目标发射一枚寒冰箭，对目标单位造成造成60/105/150/195/240（+0.4AP）点法术伤害，并减速20%，持续2秒。如果目标被冰冻，则会造成175%的伤害。对被冰冻的目标造成105/183.75/262.5/341.25/420（+0.7AP）点法术伤害
45,冰环,W,14秒,30法力,定身周围的敌方单位1秒，附带冰冻效果，在技能释放后的5秒内可以获得技能吹风对前方的锥形区域内的敌方单位造成80/130/180/230/280（+0.75AP）点法术伤害，并减速20%，持续2秒
45,寒冰闪现,E,26/24/22/20/18秒,90点法力值,向目标点闪烁，在闪烁结束后用寒冰的力量抵御敌方的攻击，吸收60/100/140/180/220（+0.5AP）点伤害，持续5秒。寒冰闪现可以解除所有控制效果（包括时停和冰地板）
45,深结,R,80/70/60秒,150点法力值,冻结敌方单体目标，造成240/360/480（+0.8AP）点法术伤害，并使其无法移动，攻击和施法，持续2秒
44,Zafkiel,被动,无,无,技能消耗时间值，每次击杀怪物和英雄能获得3和10时间值，当狂三生命低于30％会触发Zafkiel，4秒受致命伤害会传送到泉水的分身（生命高于30％受致命伤害会立刻触发）但会虚弱一段时间（受致命伤害伤害量影响）最低20S，每多50伤害加1S，最多30S。该效果300秒触发一次
44,Alef,Q,18/17/16/15/14,20点时间值,使用一之弹来加速自身的时间，可以在一瞬间攻击5个目标，造成伤害：10/20/30/40/50（+1.1全AD），持续4秒
44,Bet/Zayin/Yod,W,,3,每次攻击有15%/20%/25%/30%/35%的概率触发特殊效果，每次攻击同一目标同时只能触发一种特效二之弹：使目标时间流逝变缓，减少目标40％的攻击速度，持续1秒，并增加自身攻击速度10％，最多叠加3次，持续2秒七之弹：使目标时间暂停，眩晕0.25秒，并增加自身移动速度10％，最多叠加2次，持续1秒十之弹：将过去的记忆注入目标体内，使其忘却所有技能，沉默0.5秒，并减少Q技能Alef和R技能Dalet/Chet冷却时间1秒
44,食时之城,E,10秒,无,展开结界，强制剥夺结界内的单位的时间，每秒吸取每个单位1点时间值， 并有5%/7%/9%/11%/13%（+0.025全AD）的概率（最高30%)将目标定身0.5秒，结界持续10秒（不享受冷却缩减）
44,Dalet/Chet,R,180秒,50点时间值,四之弹被动效果：受到伤害后，将通过实践逆流，在1秒后治愈这些伤害，每20/16/12秒触发一次。八之弹主动效果：时崎狂三会在对面每个英雄后召唤分身锁定攻击，继承40％攻击，承受200％伤害，持续5秒。分身持续时间内再次使用技能可以将自己传送到任意分身位置
43,卖雷,被动,2,无,据说是卖萌的近亲，每隔2秒，会向自身周围500范围内最近一个敌人放电，造成10（+0.1AP）点法术伤害，并降低2点物理抗性，持续时间4秒，减物抗效果可以无限叠加
43,盐汽水,Q,1秒,5法力值,持续对方向喷射盐汽水，对命中敌人造成伤害，伤害10/15/20/25/30（+0.5全AD）间隔0.6/0.5/0.4/0.3/0.2秒，5法力/次，冷却1秒
43,打分,W,22秒,100点法力值,"对单体敌人打分，同时自身的所有针对目标敌人的攻击会附带同分数的额外物理伤害，一星10/15/20/25/30,二星20/30/40/50/60,三星30/45/60/75/90。持续7秒"
43,计数,E,0,无消耗,被动效果：增加自身不确定的攻击力，0～30/45/60/75/90
43,超杀盐汽水,R,60秒,100/125/150,打击目标，降低目标物理抗性，伤害120/270/420（+1.2全AD）点物理伤害，护甲降低30/50/70点。持续5秒
42,怒气,被动,无,无,"使用技能和普通攻击命中敌人获得3点怒气，受到普通攻击获得1点怒气。
当怒气大于100点时，可以获得1能量点，并清空怒气槽。
最多可以获得3个能量点。
（商店可以购买安迪娃娃，点击使用消耗1能量点进入暴怒状态）暴怒：增加50%攻击速度，持续8秒"
42,花蝶扇,Q,3秒,获得1点怒气,甩出花蝶扇，对碰撞到的敌人造成50/90/130/170/210（+1.0额外AD）点物理伤害，在8秒内再次击中相同的单位会增加15%的伤害。在暴怒状态下一次扔出三把扇叠加层数无上限
42,冲刺,W,6/5/4/3/2,无,朝着你的鼠标悬停位置进行一次快速冲刺，增加移速10%/15%/20%/25%/30%
42,龙翔之舞,E,5秒,获得1点怒气,甩出火焰，对碰撞到的敌人造成60/110/160/210/260（1.0全AD）（+0.5全AP）点法术伤害暴怒状态下提升20%伤害
42,忍蜂,R,3秒,1点能量点,向目标地点快速冲锋，对路径上的敌人造成200/290/380（1.0全AD）（+0.6AP）点法术伤害并击飞沿途目标暴怒状态下可提升50%的伤害
41,望远镜,被动,无,无,提升英雄等级*8的视野和射程
41,疾风冲刺,Q,14/13/12/11/10秒,50法力,增加100%的基础移动速度，持续1.5秒，开始时可以隐身0.75秒。普通攻击会打断加速状态并对敌人造成额外50/80/210/240/170（+0.5额外AD）点物理伤害
41,照明弹,W,22/20/18/16/14秒,30点法力值,被动效果:每隔10秒钟（不受冷却缩减影响），霍比侦察兵会在原地安置侦查守卫，侦查守卫持续30秒主动效果:霍比侦察兵向空中发射照明弹，获得一瞬间空中视野.
41,穿甲弹,E,12/11/10/9/8秒,60点法力值,被动效果:每隔12/10/8/6/4秒（不受冷却缩减影响），霍比侦察兵普通攻击会穿透目标对目标和目标身后的敌方单位进行攻击并造成50/65/80/95/110（+0.65额外AD）点额外物理伤害主动效果:降低目标区域敌人10/15/20/25/30点护甲，持续5秒。
41,地狱烈光,R,150/135/120秒,100/125/150法力,发射地狱烈光，对敌方英雄造成150/265/380（+0.8额外AD）法术伤害，并大幅度降低击中目标的视野，持续3秒
40,属性附加,被动,无,无,每个基础技能到达5级时，会给英雄增加额外40点生命值、5%攻击速度、40点魔法上限、7点法术强度、4点攻击力。
40,狂战士怒吼,Q,10秒,50/60/70/80法力,激怒身边的敌人，造成60/100/140/180（+0.5AP）点法术伤害，并使之不惜一切的攻击自身，并增加自身200点护甲，持续1/1.25/1.5/1.75秒
40,战斗饥渴,W,11/10/9/8秒,75/80/85/90法力,造成18/25/32/39（+0.1AP）每秒的法术伤害，持续10秒，杀死任意单位会立刻终止。每个受影响的单位会降低8%移动速度，并增加斧王8%移动速度，效果不叠加
40,反击螺旋,E,0.25,无,每次受到普通攻击，有17%概率对周围敌方单位造成40/80/120/160（0.4AD+0.1DEF）点物理伤害，最低触发间隔0.25秒
40,淘汰之刃,R,70/55/40秒,100/125/125法力,淘汰生命值低于250/400/550（+0.08最大生命值）的敌方英雄，若不满足条件则造成100/125/150（+1.0AP）点法术伤害和一秒击晕。淘汰成功则会增加自己50%的移动速度，持续3秒
39,潜行,被动,无,无,"盗贼娃总是尝试进入潜行状态，并使自身能量回复速度增加20%，直到盗贼娃攻击或被敌人击中（低于盗贼娃2%最大生命的伤害无法将盗贼娃打出潜行）。
当盗贼娃靠近敌人500码时增加30%移动速度，但靠近400码会被敌人发现，加速持续1.5秒"
39,剔骨,Q,1秒,40点能量,剔骨：终结技!盗贼娃攻击面前有连击点的目标，造成每点连击点20/40/60/80/100（+0.4全AD）最多100/200/300/400/500（+2.0全AD）点物理伤害，并消耗目标身上所有连击点，终结技伤害受连击点影响。对无连击点的单位施放无效偷袭45能量偷袭目标造成1.5/1.75/2/2.25/2.5秒晕眩并产生2颗连击点。连击点只对该单位有效，同一时间只能有一个单位存有连击点
39,出血,W,1秒,35点能量,出血：攻击穿透敌方护甲使其裂伤，造成20/30/40/50/60（+1.15全AD）点物理伤害并产生1颗连击点，目标护甲降低5/8/11/14/17点，最多叠加4层。伏击45能量盗贼娃从背后伏击目标造成60/110/160/210/260（+1.6全AD）点物理伤害并产生2颗连击点，伏击可产生暴击并造成打劫效果：减少20%移动速度持续3秒，从正面伏击敌人只会造成50%伤害连击点只对该单位有效，同一时间只能有一个单位存有连击点
39,肾击,E,20秒,15点能量,终结技!盗贼娃攻击面前有连击点的目标，造成1.5秒到3.5秒眩晕并消耗目标身上所有连击点，同时回复自身5/15/25/35/45点能量。终结技晕眩效果受连击点影响。对无连击点的单位施放无效锁喉25能量盗贼娃绞袭敌人的喉咙，造成3秒沉默并产生1颗连击点，同时目标在16秒内不断流血，每2秒受到20/25/30/35/40（+0.25全AD）点物理伤害连击点只对该单位有效，同一时间只能有一个单位存有连击点，该技能不触发装备特效
39,消失,R,110/100/90秒,无消耗,盗贼娃进入消失状态，解除所有负面buff（时停系技能不以buff形式生效），无法被任何单位察觉且受到攻击不会影响消失状态，直到盗贼娃攻击敌人或2秒结束。在消失期间盗贼娃所有技能进入2秒冷却，增加40%/50%/60%移动速度并立刻回复40/50/60能量。
38,暗夜本能,被动,无,无,"被动技能,面向敌方英雄移动时获得15%额外移动速度。"
38,俯冲射击,Q,6/5/4/3/2秒,40点法力值,向指定方向俯冲一小段距离，若此次俯冲不是背对上次的攻击目标，并且俯冲后目标任然在你的射程内，则会自动攻击该目标2次，否则对最近的目标攻击2次，可以手动更改目标
38,腐蚀之箭,W,0秒,无,被动效果:亡灵女王将死亡力量附加在自己的箭上，对一切活物造成额外伤害。对同一目标连续攻击或使用技能三次，将对目标造成10/15/20/25/30（+0.4全AD）（+目标最大生命值4%/5%/6%/7%/8%）的真实伤害。对中立生物伤害200点为最高上限。
38,凝神射击,E,20/18/16/14/12秒,90点法力值,"向目标发射一枚巨大弩箭,造成45/80/115/150/185（+1.0全AD）点物理伤害并击退区域内目标。如果在击退过程中受到地形碰撞,目标将造成额外60/100/140/180/220（1.0全AD）点物理伤害并眩晕1.5秒。 "
38,亡灵时刻,R,70秒,80点法力值,"在接下来的8/10/12秒内获得额外的25/40/55点攻击,在俯冲射击时可以隐身1秒,暗夜本能效果生效时提供的额外移动速度效果变为3倍。"
37,弱点打击,被动,无,无,"三笠击杀敌方英雄时获得12气体，助攻获得该气体值的一半。
三笠从背后攻击目标英雄附加目标最大生命值6/8/10%的额外物理伤害，这个效果对同一目标每6秒最多触发一次。（该技能在6级和11级时成长一次）"
37,弹射钩爪,Q,无,9/8/7/6/5点气体,被动效果：飞行中使用技能造成伤害提升10%/25%/40%/55%/70%主动效果：三笠控制立体机动装置射出钩爪，在命中地形和建筑物后会向目标点快速飞行，如果钩爪未命中则只消耗2点气体值。（飞行过程中再次使用可连续飞行，每次连续使用额外消耗2气体，额外效果会叠加）飞行轨迹计算物理惯性
37,旋转斩击,W,1.6秒,无,三笠用身体带动刀刃高速旋转，对周围敌人造成40/60/80/100/120（+0.5全AD）点物理伤害。
37,合金刀刃,E,2秒,无,三笠更换合金刀刃，提升后续攻击20（+0.2额外AD）/35（+0.3额外AD）/50（+0.4额外AD）/65（+0.5额外AD）/80（+0.6额外AD）物理伤害。刀刃在造成3次伤害后断裂失效
37,决死之心,R,4秒,4点气体值每秒,被动效果:提升气体值上限20/40/60。主动效果:失去冷静并对目标施以残酷打击，普通攻击造成120%攻击力的范围伤害，如果距离目标较远则会向目标发起冲锋并对沿途所有敌人造成40/100/160（+0.8额外AD）物理伤害。第一次冲锋消耗20气体，之后每次冲锋额外增加10气体消耗。
36,致命碾压,被动,无,无,"被动技能,对目标的普通攻击附加目标生命值8%的额外伤害,这个效果对同一目标每6秒最多触发一次。"
36,流沙猛击,Q,10/9/8/7/6秒,50法力值,"沙僧使用图腾冲撞,对路径上所有敌人造成70/115/160/205/250（+1.2额外AD）物理伤害并降低其10%/14%/18%/22%/26%护甲。如果瞄准月牙铲释放,沙僧会冲向月牙铲,挑起沿途所有敌人。"
36,玄冰护甲,W,20/18/16/14/12秒,65点法力值,"以自身为中心爆发一次法术冲击波,制造一个吸收50/90/130/170/210（+0.8AP）点伤害的护盾,每增加一个敌方英雄额外吸收20/25/30/35/40点伤害,持续5秒,并且在2秒内减缓周围的敌人15%/20%/25%/30%/35%的移动速度。"
36,通天禅杖,E,13秒,35点法力值,"被动效果:增加沙僧10%/13%/16%/19%/22%攻击速度和10/13/16/19/22点护甲。主动效果:投掷出去,造成60/105/150/195/240（+0.8AP）点法术伤害并且为附近友军提供增益效果,该效果持续8秒。"
36,若水天牢,R,120/105/90秒,100/125/150法力,"勇猛地跃向他的目标,造成200/325/450（+1.5额外AD）点物理伤害并且形成一圈特殊地形困住敌人,持续3.5秒。再次点击该技能可以解除环形障碍，只能对英雄使用。释放后此技能会进入一个0.5秒的保护期以免连点接触大招。"
35,黄金律,被动,无,无,在战斗中收集各种财宝，击杀单位额外获得4金钱;非竞技场模式普通攻击会额外附带玩家当前钻石数20%的物理伤害(上限为500点)
35,王的宝库,Q,15秒,60/65/70/75/80点法力值,锁定目标区域内的5个敌人，然后每1秒对其造成30/45/60/75/90(+0.2AP全）（+0.1AD额外）法术伤害，持续3秒，并且能附加天之锁的被动效果。
35,天之锁,W,12秒,50/60/70/80/90点法力值,"""被动效果:每次攻击目标时，对其造成2%/3%/4%/5%/6%的易伤效果，持续6秒，最多叠加10层。　　主动效果:对目标方向射出天之锁，对碰到的首个英雄附加2层被动的易伤效果，并造成定身效果，定身时间根据飞行距离的长度来增加"""
35,空间转移,E,28/27/26/25/24秒,50点法力值,立刻瞬移到目标点，并致盲(减少100%命中率)周围2码内的敌方单位1.5秒，5秒内可以再次使用空间转移(无法重复致盲同一单位)
35,天地乖离-开辟之星,R,150/135/120秒,150点法力值,　对目标半径2码的范围逐渐扩散到12码(每0.5秒提高1码范围)内的范围，对范围内的所有敌方单位每0.5秒造成30/45/60(+0.2AD额外)（+0.1AP全）法术伤害，持续5秒。每次伤害会给目标1个印记，最多叠加10层，持续2秒，结束时达到6-7层/8-9层/10层时分别会被眩晕1/1.5/2秒
34,万花筒写轮眼,被动,无,无,提高6点闪避，每升两级额外获得1点闪避。每次普通攻击，降低目标5点命中，可叠加3层。持续3秒
34,万蛇/鹰,Q,5秒,10点法力值,通灵术-鹰:提高7%/9%/11%/13%/15%的移动速度，并可以穿越单位。激活鹰状态时，暂时获得2秒的空中视野。通灵术-万蛇：获得2%/4%/6%/8%/10%的免疫伤害效果。激活万蛇状态时，暂时提高100韧性，持续2秒。
34,千鸟流,W,15/14/13/12/11秒,40/50/60/70/80法力,"左二少释放千鸟流,对四周发射出12道电流.每道电流对敌方单位造成25/40/55/70/85（+0.25AP）点法术伤害,并减少20%的移动速度，持续3秒。电流的伤害与效果可以叠加。"
34,天照,E,14秒,65/70/75/80/85法力,左二少向目标释放天照，造成15/25/35/45/55（+0.2额外AD）点物理伤害。目标会持续受到天照灼烧，并降低2/3/4/5/6点护甲，最多叠加3层，持续5秒。靠近被天照灼烧的单位将会被感染到天照。
34,须佐能乎,R,60/55/50秒,100点法力值,唤醒须佐能乎，左二少的普通攻击变为远程攻击，普通攻击能附带天照攻击；万花筒写轮眼效果提升为原来的2倍；并提高自身攻击速度35%/50%/65%持续10秒。释放后会增加左二少的生命上限150/250/350点。
33,健步如飞,被动,无,无,"普通攻击命中敌方英雄时,增加15%移动速度，持续2秒"
33,旋风手里剑,Q,9秒,70/80/90/100/110点法力值,"将手里剑像扔回力镖一样扔出去,对沿途的敌人造成40/70/100/130/160（+0.8额外AD）（+0.4全额AP）物理伤害。每碰到一次敌人伤害递减20%。"
33,弹射手里剑,W,1秒,6/8/10/12/14点法力值,"开启后普通攻击将对最多2/3/4/5/6个目标进行弹射造成（1.1全ad）物理伤害,伤害每次递减15%。每次弹射都可以继承普通攻击效果，但无法享受暴击和生命偷取。"
33,忍术遁法,E,22/19/16/13/10秒,无,创造一层魔法屏障，能够挡掉一次来自敌方的魔法。最多持续3秒。如果护罩抵挡了一次技能可以回复125点法力值。
33,疾风行军,R,100/90/80秒,100,当技能激活时，只要有友军进入技能范围就会得到BUFF的增益，攻击速度的增益为40%/55%/70%。移动速度为增加20%。友军攻速增益为1/2。持续10秒
32,复仇,被动,无,无,"被动技能,,击杀关羽的敌方单位会获得一个最多可叠加5层的复仇状态，关羽对带有复仇状态的单位可获得每层10%的伤害加成。如果关羽成功击杀带有复仇状态的敌人，则复仇状态会传递给范围10内的最近敌方英雄。
带有复仇状态的敌方英雄被关羽击杀时会清空所有复仇状态"
32,追斩,Q,16/14/12/10/8秒,50法力值, 关羽用向前方挥出刀风，对范围内的敌人造成70/115/160/205/240物理伤害。如果只击中一个目标，则会冲锋到目标身边，晕眩目标0.5秒。并且连砍两刀，一共造成50%额外伤害。
32,武圣义,W,14秒,45点法力值,被动效果：提高附近友方单位10/15/20/25/30点护甲和每5秒5/8/12/15/17点生命恢复。主动效果：提高自己40%/45%/50%/55%/60%的攻击速度，持续3.5秒
32,拖刀技,E,11/10/9/8/7秒,65点法力值,被动效果：关羽5秒内不进行普通攻击或释放追斩会自动进入拖到状态，下次普通攻击额外造成30/55/80/105/130（+0.8额外AD）点物理伤害，并降低目标移动速度30%，持续1秒。拖刀每增加1秒，额外提升10%的伤害与0.5的减速时间，最高3秒。到达5秒后变为眩晕，持续1秒，并且每增加1秒，眩晕时间增加0.25秒，最高1.5秒。主动效果：关羽挥动对周围范围内的敌人造成30/55/80/105/130（0.8额外AD)点物理伤害，若关羽处于拖刀状态，则此次挥砍会附带拖刀技的被动效果。
32,武圣势,R,105/95/85秒,100点法力值,被动效果：每3次普通攻击，下一次普通攻击可以造成额外60/110/160（+0.5额外AD）真实伤害。主动效果：为自己增加一个300/500/700(+1.5额外AD)的护盾，周围的友方单位也会获得一半效果的护盾。护盾可以增加15%的移动速度。击破护盾的敌方单位会获得一个持续30秒的复仇状态，可叠加5层。
31,属性附加,被动,无,无,"每个基础技能到达5级时，会给英雄增加额外40生命值、5%攻击速度、40魔法上限、7法术强度、4攻击力。
献祭：对周围敌人每秒造成（5+0.1额外AD）点法术伤害"
31,法力毁损,Q,16/15/14/13/13,20/25/30/35/35,主动效果：开启后增加45%攻击速度，持续6秒。每次普通攻击都会偷取目标英雄的法术强度4/6/8/10/10点，最高8层，持续8秒。被动效果:每次普通攻击造成10/25/40/55/55/+0.2全ad）点伤害并扣除目标20/28/36/44/44（+0.1AP）法力值
31,闪烁,W,11/9/7/5/5秒,70点法力值,移动技能闪现使用后会获得一个吸收40/70/100/130/160（+0.4AP）法术伤害的护盾，持续1.5秒
31,法力护盾,E,无,无,被动效果:减免16%/24%/32%/40%/40%法术伤害
31,法力虚空,R,80/70/60秒,无耗费,对目标英雄使用，造成250/400/550（+1.0AP）附加目标法术强度*1.0点法术伤害并眩晕0.1/0.2/0.3秒目标周围的敌人会受到一半伤害
30,偷袭,被动,无,无,"被动技能,从目标背后发起攻击或使用技能时，可以造成20%的额外伤害。"
30,潜行突袭,Q,11秒,60/65/70/75/80点法力值,"立即进入潜行状态,持续3.5秒，并传送到附近的目标区域。并在接下来的6秒内普通攻击造成140%/160%/180%/200%/220%的暴击伤害。"
30,幽毒之痕,W,16秒,50点法力值,被动效果:每次攻击都会造成额外6/8/10/12/14（+0.05全额AP）点伤害，该效果可以叠加6次。主动效果:在6秒的时间里，攻击速度提高30%/35%/40%/45%/50%
30,丛林剧毒,E,8秒,50/55/60/65/70点法力值,被动效果: 当丛林剧毒可以释放时，攻击会使目标中毒，减少他们的20%/22.5%/25%/27.5%/30%移动速度，持续3秒。如果目标是中立生物则被降低30点命中，持续2秒主动效果:对目标造成70/110/150/190/230（+0.5额外AD）（+1.0AP）法术伤害。激活主动技能时。丛林剧毒被动效果会消失。直到重新冷却。
30,多重化身,R,90秒,100点法力值,在周围制造一个自己的幻象。幻象能造成50%的普攻伤害并受到135%的伤害。幻象死后会对附近敌人造成300/450/600（+1.0AP）点法术伤害。
29,无双,被动,无,无,提高5%的基础生命偷取；每点怒气额外增加0.15%生命偷取，每次攻击获得5怒气，暴击获得10怒气；击杀目标额外获得10怒气。脱离战斗5秒后每2秒损失5怒气。使用技能时，若怒气超过50点，则会消耗掉50点怒气强化技能效果。
29,方天画戟,Q,12秒,无,被动:每次攻击吸取目标2/3/4/5/6点攻击力，保留15秒，可以叠加8层。主动：将普通攻击转换为范围伤害，每额外命中一个目标，伤害降低8%/6%/4%/2%/0%，最低造成60%/70%/80%/90%/100%的伤害。当怒气到达25以上时将获得25%的攻击速度。当怒气到达50以上时将获得50%的攻击速度加成并消耗35怒气
29,致死斩杀,W,12/11/10/9/8秒,无,对直线范围内造成30/75/120/165/210（+1.0全额AD）点物理伤害。当怒气到达25以上时将会降低目标25%的移动速度，持续1.5秒。当怒气到达50以上时将目标眩晕并消耗35怒气
29,暴风疾走,E,14/13/12/11/10秒,无,提升35%/40%/45%/50%/55%移动速度和下次攻击提高30/55/80/105/130点伤害。当怒气到达25以上时提高50韧性当怒气到达50以上时将目标击飞并消耗35怒气
29,魔神降临,R,90/80/70秒,无,使用后激发自身潜力，获得5秒魔神附体效果，吸收所有的伤害并将伤害的50%转化为生命值（每次最多恢复75/100/125点生命值）。立刻获得50/75/100点怒气。
28,击碎,被动,无,无,增加10点护甲穿透，每次升级额外增加1.5点
28,窒息之刃,Q,8秒,25点法力值,"""向敌方目标投掷窒息之刃，造成30/50/70/90/110(+0.4AD全额） 点物理伤害并减速25%/30%/35%/40%/45%"""
28,符文护体,W,无,无,露西受到普通攻击有15%/20%/25%/30%/35%几率格挡敌人的普通攻击，每抵挡一次普通攻击都会增加R技能恩赐解脱的触发概率15%，直到触发一次恩赐解脱。
28,暗影突袭,E,10/9/8/7/6秒,35点法力值,瞬间出现到目标面前，并增加自身50%/60%/70%/80%/90%攻速，持续5秒。释放后会增加10%的移动速度，持续5秒
28,恩赐解脱,R,无,无,普通攻击和窒息之刃有15%几率额外附加50/100/150（+1.0全AD）的额外伤害
27,击碎,被动,无,无,增加10点护甲穿透，每次升级额外增加1.5点
27,窒息之刃,Q,8秒,25点法力值,"""向敌方目标投掷窒息之刃，造成30/50/70/90/110（+0.4全ad）点物理伤害并减速25%/30%/35%/40%/45%持续2秒"""
27,符文护体,W,无,无, 每次受到敌人的普通攻击会叠加一层符文，当符文叠加到7/6/5/4/3层时会触发一次符文护体，格挡下一次来自敌人的普通攻击伤害（不格挡附加伤害）。每抵挡一次普通攻击都会增加R技能恩赐解脱的1点准备点，直到触发1次恩赐解脱。
27,暗影突袭,E,10/9/8/7/6秒,35点法力值,瞬间移动到目标身边，并增加自身 50%/60%/70%/80%/90%攻速持续5秒。释放后会增加10%的移动速度，持续5秒
27,恩赐解脱,R,无,无,"""每7次攻击（包括技能攻击）会对目标造成额外50/150/250（+1.0全AD）点物理伤害"""
26,猎人印记,被动,无,无,普通攻击附带猎人印记，对目标造成10%额外伤害，只能同时存在一个标记。
26,瞄准射击,q,6/5/4/3/2秒,55/50/45/40/35点能量值,瞄准射击(豹群守护状态下可使用)：对目标射出锁定子弹，造成物理伤害，可被阻挡伤害（瞄准）：100/130/160/190/210（+0.8全额AD）伤害（多重）：50/70/90/110/130(+0.2全额AD)
26,冰霜陷阱,w,25/22/19/16/13,40点能量值,向选定区域射出冰霜陷阱，在有英雄踩中时触发，在范围区域内减少移动速度50%并降低攻击速度25%，持续3秒。陷阱持续时间100秒.陷阱0.5秒后开始生效。
26,雄鹰守护,e,0秒,20点能量值,雄鹰守护:增加10/15/20/25/30物理攻击和视野，主动开启后攻击加成翻倍且获得空中视野豹群守护：被动：移速提升：5%/8%/11%/14%/17%，主动开启后速度加成翻倍。
26,兽王之心,r,100/90/80秒,无,猎人娃激发自身潜能，增加所有伤害20%并且免疫所有控制。持续7/8/9秒，期间多重射击可以穿透目标，降低瞄准射击的前摇时间。
25,心眼,被动,无,无,皓卡娅对箭术拥有独到的造诣，每2秒增加自身的暴击几率，该效果将在触发一次暴击后重新累积。每25点额外攻击力提高1%的几率（最低1%，最高7%）。
25,荆棘之箭,q,0秒,8点法力值,开启：皓卡娅的每次普通攻击都会较少目标15%/20%/25%/30%/35%的移动速度。持续2秒。
25,散播毁灭,w,12/10/8/6/4秒,60点法力值,皓卡娅向前方的锥形范围内射出7支箭，造成40/60/80/100/120（+1.1全AD）点物理伤害。散播毁灭可以触发荆棘之箭的效果。
25,鸣镝,e,30秒,无消耗,皓卡娅将一个鹰灵进行实体化，并让他进行侦查，将会沿途显示它所经过的区域，并在到达目标区域后，暴力5秒该区域的视野，并且增加区域内的友军移动速度10%/12%/14%/16%/18%，降低敌方移动速度10%/12%/14%/16%/18%，持续5秒。皓卡娅的普通攻击和散播毁灭会对区域内的敌人额外造成%8/10%/12%/14%/16%的伤害。
25,暴风使者,r,100/90/80秒,150点法力值,直线射出一支箭飞行时提供视野，如果它碰到敌人英雄，将会对该英雄造成最多3.5秒的眩晕（眩晕效果取决于箭头移动的距离）并造成200/300/400（+1.5额外AD）点的物理伤害。此外，该英雄周围的敌人将会受到一半的技能伤害并被减速3秒。
24,橡胶果实,被动,180秒,无,当草帽小子濒危时会进入持续5秒的气绝状态，不可行动。期间可以硬撑敌方英雄7次普通攻击才会死亡。状态结束后课恢复（每等级*50+10%最大生命值）的生命并恢复行动
24,橡皮火箭,q,24/22/20/18/16秒,无,草帽小子蓄力1.5/1.3/1.1/0.9/0.7秒后跳跃至指定位置，对周围敌人造成70/115/150/195/250(+0.8AP)点法术伤害。
24,二档,w,20秒,无,二档：提升15%的移动速度和20点护甲，持续6秒，持续期间，可以释放三档。三档：额外提升35%的攻击速度，每次攻击提高15点攻击力，持续6秒。三档结束后的6秒内，草帽小子的攻击速度会减少30%
24,JET统,e,9/8/7/6/5秒,无,草帽小子强化他的拳头，使他的下一次攻击能够将目标击飞，并额外造成目标最大生命值8%/11%/14%/17%/20%的物理伤害（最少造成80/130/180/230/280点伤害，对野怪最多造成700点伤害）。
24,万里阳光号,r,150/125/110秒,无,草帽小子召唤万里阳光号冲向目标地点，对沿途碰到的敌人造成200/300/400（+1.0AP）点的法术伤害，在抵达终点后引起大漩涡，吸入周围敌人，共产生10次漩涡效果，每次造成25/40/55（+0.1AP）点的法术伤害。
23,海贼猎人,被动,无,无,攻击使敌人战栗，减少5%移动速度和攻击速度持续2秒，最多叠加4层。
23,居合斩,q,普攻12%几率触发,无,劈斩目标造成40/70/100/130/160（+0.8AD）点物理伤害。触发一刀流状态，12秒内可使用一刀流：大震撼。一刀流：大震撼佐罗冲向敌人对其当头劈下造成40/100/160/220/280（+1.2AD）点物理伤害，敌人受佐罗的威慑寸步难行，定身2秒
23,登楼,w,普攻12%几率触发,无,双刀上挑，对目标造成50/80/110/140/170（+0.5全AD）点物理伤害并减少20%/25%/30%/35%/40%移动速度持续2秒。触发二刀流状态，12内可使用二刀流：应登楼。二刀流：应登楼向面前斩出双刀，对前方250范围内所有单位造成100/140/180/220/260（+1.0全AD）点物理伤害，被二刀流；登楼斩中减速的敌人将额外眩晕1.75秒
23,八百烦恼风,e,普攻12%几率触发,无,使用三把刀击出旋转的刀风，对直线距离上所有敌人造成100/150/200/250/300（+1.0AP）点法术伤害并击退。触发三刀流状态，12秒内可使用三刀流：三千烦恼风。三刀流：三千烦恼风蓄力同时将三道刀风击出，对被掠过的敌方单位造成100/150/200/250/300（+0.8AP）点法术伤害并击退。三道刀风汇合后形成强烈旋风阻挡敌人接近，并在3秒内对进入的敌方单位造成250/300/350/400/450（+0.8AP）点法术伤害
23,空手白刃,r,24秒,无,佐罗静心凝神进入无刀无我的状态：攻击速度增加50%/65%/80%/95%/110%，移动速度增加20%/25%/30%/35%/40%，闪避增加10/15/20/25/30，下次普攻额外造成40/80/120/160/200点物理伤害最多持续8秒。（被动怎么改价4%/8%/12%/16%/20%所有击出剑技的触发几率，每次触发击出剑技会减少2秒持续时间）
22,弱点击破,被动,无,无,神目黑道的技能斩中敌人后，会使5秒内所有的普通攻击对该敌人造成额外创伤。普通攻击伤害增加20%。
22,黑刀一闪,q,8/7.5/7/6.5/6秒,45点法力值,神目黑刀对锁定目标造成一次精准的斩击，造成40/75/110/145/180（+0.9全AD）点物理伤害。享受暴击（复刻伤害不会暴击），暴击伤害为150%。对拥有弱点击破标记的目标攻击时会必定暴击（复刻伤害不会暴击）暴击造成60/112.5/165/217.5/270（+1.35全AD）点物理伤害
22,黑刀逆刃,w,18/17/16/15/14秒,50点法力值,被动效果：逆刃可增加神目黑刀10%/15%/20%/25%/30%的暴击率。主动效果：神目黑刀会记住尝试使用技能攻击他的敌人，在3秒内可对其进行反击，反击造成75/120/165/210/255（+1.1全AD）点物理伤害，并眩晕1秒。
22,黑刀长夜,e,12/11/10/9/8秒,65/70/75/80/85点法力值,神目黑刀对知道方向扇形范围内敌人造成一次AOE伤害，造成70/120/170/220/270（+0.9额外AD）点物理伤害。
22,鹰隼凝光,r,90/70/50秒,100/120/140点法力值,神目黑道凝视敢于挑战他的敌人，对鼠标方向矩形范围内敌人造成100/150/200（0.5AP加成）点法术伤害并减速30%持续4秒。同时标记最多5名敌方英雄，8秒内鹰眼释放所有的技能都将对被标记的英雄复刻释放，复刻技能范围很远。
21,狙击王驾到,被动,无,无,附件每多一名队友，匹诺曹增加爱4%攻击力。当孤身一人时，增加移动速度10%
21,必杀火鸟星,q,10秒,60/65/70/75/80点法力值,射出燃烧的火鸟星，对穿过的所有敌人造成50/90/130/170/210（+1.0额外AD）点物理伤害，当火鸟略过友军是会额外增加火鸟的飞行速度和20%伤害，最多叠加6此。（掠过一名友军英雄将减少1秒冷却时间）
21,必杀火药星,w,16秒,50点法力值,被动效果：匹诺曹对敌人造成的伤害提高2%/4%/6%/8%/10%。每次对同一目标连续攻击都会获得1层攻击速度加成，每层增加5%/7%/9%/11%/13%的攻击速度，最多叠加8层，持续3秒，更换目标后将损失一半的层数，开启主动效果后每次攻击叠加2层主动效果：在8秒的持续时间内，匹诺曹的普通攻击将对附近敌人造成20/30/40/50/60（+0.2额外AD）点法术伤害。
21,必杀大铁锤,e,16/15/14/13/12秒,55/65/75/85/95点法力值,匹诺曹瞄准目标区域后丢出500吨大铁锤，对命中的敌人造成50/80/110/140/170（+0.6全AD）点真实伤害并且击中目标后会对目标施加致盲效果，持续1.5秒。所有被匹诺曹瞄准并且因害怕而逃离的敌人将眩晕1秒。
21,必杀大爆炸星,r,90/80/70秒,100/120/140点,向选择区域射出大爆炸星造成100/140/180（+0.8全AD）点物理伤害，范围射程为3000/3750/4500。在10秒内每间隔1.5秒可消耗120点法力值再次射出大爆炸星，但附加额外法力值消耗并递增20%。（在大爆炸星状态下击杀敌人或助攻课恢复20%最大魔法值）
20,天生牙,被动,无,无,杀生丸对受身敌人进行追加技能攻击时，技能的额外效果会成倍增长。
20,苍龙破,q,14/13/12/11/10,60法力值,杀生丸释放苍龙破击飞面前所有敌人，并造成70/120/170/220/270（+1.2额外AD）点物理伤害。受身状态的敌人击飞更高。
20,冥道残月斩,w,10/9/8/7/6,60点法力值,杀生丸朝目标方向冲锋，并吸附沿途所有敌人造成30/60/90/120/150（+1.0全AD）点物理伤害。受身状态的敌人受到已损失生命值8%的额外魔法伤害。
20,风之伤,e,8秒,50法力值,杀生丸朝目标方向斩出刀风，并对沿途所有敌人造成40/80/120/160/200（+0.8全AD）点物理伤害，受身状态的敌人击退更远。
20,爆碎牙瞬杀,r,75/60/45,100点法力值,杀生丸朝目标位置跳劈，对中心区域敌人造成250/375/500（+1.5额外AD）点物理伤害，外围敌人受到一半伤害并震退。
19,通缉令,被动,无,无,乔帮主的死亡赏金永远只有100G。
19,脚力强化,q,22/21/20/19/18秒,80/95/110/125/140法力,乔帮主强化自身奔跑能力并带动身边队友，5秒内增加自身40%/50%/60%/70%/80%移动速度且无视单位阻挡，400范围内友军增加20%/25%/30%/35%/40%移动速度。乔帮主奔跑时会将所有挡在面前的地方非英雄单位击退，并造成60/100/140/180/220（+1.0额外AD）点物理伤害，若击退效果被墙壁阻隔则眩晕1秒。同一单位每秒钟最多被击退一次，脚力强化期间乔帮主无法普通攻击。
19,船医,w,15秒,100/110/120/130/140法力,被动效果：800范围内所有己方英雄释放技能时可触发船医效果，恢复5/10/15/20/25（+0.02最大生命值）点生命值及2.5/5/7.5/10/12.5（+0.01最大生命值）点法力值同一单位每2秒最多触发一次。主动技能：范围内所有友军立刻受到船医治疗效果，在8秒持续时间内触发船医效果的英雄会调出棒棒糖，乔帮主可拾取棒棒糖治疗自己，治疗效果等同船医效果。
19,脑力强化,e,18/17/16/15/14秒,60/70/80/90/100法力,对目标进行扫描分析，在4秒内获取目标视野并使其受到的所有伤害放大15%（每50点法强增加1%）。若2秒后乔帮主完成分析，则目标受到60/105/150/195/240（+0.6AP）点法术伤害并眩晕1秒。在分析过程中，任意敌方单位可通过阻挡扫描波中断乔帮主的分析，若分析被中断则以目标为中心产生小范围爆炸，爆炸造成60/100/140/180/220（+0.4AP）点法术伤害。
19,蓝波丸,r,3/2/1秒,无消耗,每45秒囤积一颗蓝波丸，最多囤积3颗，升级技能是立即获得一颗蓝波丸。乔帮主在正常状态下吃掉蓝波丸课刷新技能冷却并进入蓝波丸状态：增加自身100/180/260点最大生命值和20/30/40点法术强度并使下个技能效果增强，蓝波丸状态持续8秒最多叠加3层。蓝波丸 - 脚力强化：冲撞效果可击退敌方英雄。蓝波丸 - 船医：船医的治疗效果翻倍。蓝波丸 - 脑力强化：瞬间完成扫描分析。3层蓝波丸效果会在结束后进入虚弱沉默状态，减少60%移动速度和法术强度，持续4秒。
18,冰之棺,被动,无,无,死亡后，会变成灵魂形态，并仍然可以在死亡出释放法术，持续7秒。灵魂状态下使用技能无消耗。
18,钻石气息,q,1秒,20/26/32/38/44点法力值,降低指定范围内的温度。0.5秒后，对周围敌人造成40/60/80/100/120(+0.3AP)点法术伤害，如果只炸到一个单位，则对其造成双倍的伤害。
18,钻石冰刃,w,22/20/18/16/14秒,100点法力值,在目标地点创造一道5米场的法术墙。造成60/100/140/180/220（+0.4AP）点伤害，减少40%的移动速度和降低目标15%的法术抗性，此状态持续5秒。法术墙持续5秒。
18,绝对冻结,e,0.5秒,30/42/54/66/78点法力值/秒,被动效果：每沙一人，就会回复20/27/34/41/48点法力值。主动效果：消耗你的法术，每秒对周围的敌人造成30/50/70/90/110（+0.15AP）点伤害。
18,末日冰河,r,180/150/120秒,150/175/200法力值,对全图任意区域内的所有敌方单位造成250/400/550（+0.75AP）点法术伤害（无视距离）。
17,拔刀斋,被动,无,无,剑心在收刀状态下，下一次命中目标会实战拔刀术，享受25%的物理攻击力与暴击率的加成；脱离战斗6秒后则会自动收刀入鞘。
17,土龙闪,q,6秒,40气力值,向目标方向斩出剑气，对命中的单位造成40/70/100/130/160（+0.75全AD）点物理伤害，并减少15%的命中率，持续2秒
17,双龙闪,W,16/15/14/13/12,40/35/30/25/20气力值,提高自身300%的移动速度，持续0.75秒；1.5秒内下一次普通攻击会连续攻击2下。攻击目标后获得二段技能龙鸣闪龙鸣闪收刀入鞘，以入鞘之音使周围200范围内的敌人减少60%移动速度获得被动拔刀斋的效果
17,龙槌闪,e,10秒,40气力值,剑心跳向目标点，对该目标区域造成一次范围伤害，造成30/70/110/150/190（+1.0额外AD）点物理伤害，并标记目标1秒。4秒内可以使用2段技能：龙翔闪。
17,九头龙闪,r,90/80/70秒,无,对目标使用九头龙闪，造成100/200/300+1.0全AD+（当前所有气力值*1）点真实伤害，并压制目标1秒（无视控制免疫）。生命值低于35%时技能转化为天翔龙闪，造成150/250/350+1.5全AD+（2.0*当前气力值）。
15,库洛牌,被动,无,无,李小狼每杀死一个非英雄单位获得2枚库洛牌，击杀一个英雄获得10枚库洛牌，最高拥有40枚库洛牌，若自身存在库洛牌，每次攻击（技能，普通攻击）附带20 自身库洛牌数目*2的物理伤害，每命中一个单位损失1枚库洛牌。
15,炎狼,q,10秒,60/65/70/75/80,召唤炎狼扑向目标方向，炎狼过程中会对碰撞到的敌人造成80/130/180/230/280（+ 额外攻击力加成1.0）点物理伤害，每个命中的目标会为英雄提升8%的移动速度，持续3秒。
15,绯炎斩,w,8/7/6/5/4秒,60,向前方500的一条直线上进行斩击，绯炎对碰到的敌人造成70/120/170/220/270 （额外攻击力加成0.8）点物理伤害并降低命中单位20%的物理抗性，持续3秒。
15,炎狼意志,e,8/7/6/5/4秒,50/55/60/65/70,激活自身炎狼意志，给予身边的敌人奋力一击，造成60/110/160/210/260 （额外攻击力加成0.9）点物理伤害并降低命中单位35%的移动速度，持续3秒。
15,斩炎,r,100/80/60秒,100/125/150法力值,对周围300范围内敌人进行一次火炎斩击，立刻造成250/375/500（ 额外攻击力加成1.0）点物理伤害并眩晕1.5秒。
14,惩戒之炎,被动,无,无,领悟第二魔力源，每次使用技能的同时能聚集魔力，在下次普通攻击时附加8(+0.4AP)(+等级*7)点法术伤害，最多积蓄三次。
14,火龙的咆哮,q,8/7.5/7/6.5/6秒,50点法力值,对前方喷出一道火焰，造成70/120/170/220/270（+0.6AP）点法术伤害，并减少30%移动速度，持续1.5秒。雷炎龙形态转换为雷炎龙的咆哮:造成的伤害提高30%，并沉默目标1.25秒，射程提高200范围。雷炎龙的咆哮造成91/156/221/286/351（+0.78AP）点法术伤害
14,火龙的煌炎,w,16/15/14/13/12秒,50/55/60/65/70法力,蓄力后向目标投出一个巨型火球，对目标周围造成80/120/160/200/240（+0.5AP）点法术伤害，施法后提高50%的移动速度，持续2秒。雷炎龙形态转换为雷炎龙的煌炎造成的伤害提高30%，延伸200施法距离，提高50%的爆炸范围，移动速度增益变为100%。雷炎龙的煌炎造成104/156/208/260/312(+0.65AP)点法术伤害
14,红莲爆炎刃,e,10秒,65/70/75/80/85法力,纳兹使用灭龙奥义，对自身周围造成70/130/190/250/310（+0.9AP）点法术伤害。雷炎龙形态转换为红莲爆雷刀：造成的伤害提高30%，并击飞周围的单位。红莲爆雷刀造成91/169/247/325/403（+1.17AP）点法术伤害
14,雷炎龙形态,r,70/65/60/55秒,无消耗,开启雷炎龙形态，使其他技能附带雷炎龙效果，并且获得二段技能，红莲凤凰剑，持续12s。红莲凤凰剑：纳兹化为一个火凤凰形态，对前方造成一次强烈的突袭，对碰到的敌人造成100/200/300/400（+0.5AP）点法术伤害
13,沙之守护,被动,无,无,我受罗每10秒获得一层沙之守护，最多叠加6层。当受到普通攻击时，每层沙之守护可减少 3+1%法术强度 的伤害
13,沙缚柩,q,8/7/6/5/4秒,1层沙之守护,召唤一条沙道，对敌方英雄造成50/100/150/200/250（+0.6AP）法术伤害。如果目标处于沙石覆盖状态，眩晕1.5秒并减少20%魔抗，立即刷新沙缚柩CD且5秒内释放不再消耗沙之守护。(沙之守护层数不足时技能释放失败，同时回复一层被动效果)
13,绝对防御,w,14/13/12/11/10秒,1层沙之守护,召唤沙子包裹身体，增加物理和魔法防御20/30/40/50/60点，并为自身附加一个护盾，护盾吸收100/150/200/250/300（+0.7AP）点法术伤害。期间我爱罗无法移动或攻击，普通攻击我爱罗的敌方单位将触发一枚沙弹反击，沙弹可对穿过的所有敌人造成20/30/40/50/60（+0.2AP）点法术伤害。
13,沙之雨,e,9秒,1层沙之守护,在目标区域召唤沙雨，2秒内对范围内敌方单位造成85/150/215/280/345法术伤害，受沙雨影响的单位将被沙石覆盖，减少10%/15%/20%/25%/30%攻击和移动速度，效果持续2秒
13,假寐之术,r,120/100/80秒,无,立即恢复6层沙之守护并进入守鹤状态，增加自身韧性25点，每次收到攻击可增加自身10%法术强度，最多叠加10层。沙之守鹤状态持续8秒内可召唤守鹤之怒，对范围内敌人造成200/360/520（+1.1AP）点法术伤害，并使其被沙石覆盖，移动速度减少40%，持续4秒
12,世界第一公主殿下,被动,3秒,无,普通攻击时可以恢复周围450范围内所有友方英雄10（+0.15AP）点生命值。
12,甩葱歌,q,18秒,60/70/80/90/100,对目标单位施放甩葱歌，引导1/1.5/2/2.5/3秒，期间目标将处于眩晕状态，效果结束后造成50/80/110/140/170（+0.9AP）点法术伤害。
12,初音激唱,w,15秒,60点法力值,对目标注入风暴原子，每秒对其为中心150范围的范围内造成30/55/80/105/130（+0.2AP）点法术伤害，持续8秒。并激活二段技能，立刻瞬移到目标身边（超过1200范围，技能将会失败）。
12,御魔音界,e,24秒,50/60/70/80/90,对友方英雄（包括自己）布下御魔音界，使其技能免疫1.5/2/2.5/3/3.5秒。
12,初音领域,r,100秒,100/225/350,以自身为中心展开领域，为己方所有英雄共同抵挡700/1200/1700（+4.0AP）点伤害，持续5秒；引导施法不会被打断，可以手动关闭。
11,扫荡乾坤·破,q,13秒,无,向前释放一连串扫荡连击。该技能可以主动释放3次。第一击/第二击：造成面前小范围30/55/90/115/130（+0.7额外AD）伤害；第三击：聚集灵气腾空，落地造成大范围伤害，并将附近敌人击退。
11,石猴之力,e,11/10/9/8/7秒,无,孙小美朝着你的鼠标悬停位置进行一次快速冲刺，并且武装上一层护盾，格挡将要来临的最多60/90/120/150/180（+1.0额外AD）点伤害，护盾持续2.5秒。
11,威吓怒吼,w,11/10/9/8/7秒,无,孙小美用金箍棒敲击地面来震慑住周围的敌人，对他们造成50/80/110/140/170（1.0额外AD）点物理伤害和0.7秒的眩晕效果。
11,惊天一击,r,95/80/65秒,,武器激荡着圣灵的能量，在15秒的持续时间里，给予她20%的攻击力加成，并提高她的攻击距离，及伤害类技能的施法范围，并拥有一次使用影翼斩的能力。对命中的敌人造成80/120/160（+0.6全AD）到240/360/480（1.8全AD）物理伤害。敌人的生命值越低造成的伤害越高。
11,越战越勇,被动,无,无,每次使用技能时都会为她的金箍棒充能，下次普通攻击造成额外3+等级*2 / 3+ 装备攻击力/2的伤害，最多可叠加3次充能，但每次攻击只触发一次。
10,伤害流离,被动,0.5秒,无,萨菲罗斯精确察觉到来自敌人的攻击，并将其流离给敌人，将自身每次受到伤害的7%储存，当储存伤害值大于50时会流离50（+0.5AD）点物理伤害给周围500范围内所有敌人，最低触发间隔0.5秒。
10,斩击,q,16/15/14/13/12,68点法力值,延时1.8秒后甩出刀光，击中敌人后可以再次进行追击，每次斩击造成50/80/110/140/170 （+0.6额外AD）点物理伤害。追击：可用时间为4秒，期间使用追击，会冲刺到目标身前进行一次攻击并致使敌人眩晕0.75秒，最大追踪距离为3000范围。
10,暗黑融合术,w,12秒,78点法力值,延时1.5秒后召唤4个暗黑球攻击敌人，每个暗黑球对碰撞到的敌人造成30/45/60/75/90（+0.3AP）法术伤害并降低15%的移动速度，减速效果可以叠加，最多降低60%的移动速度，持续4秒。
10,闪光,e,16/15/14/13/12,58点法力值,自身获得护盾，增加10/15/20/25/30点法术抗性和物理抗性，持续3秒，若期间被攻击，则会获得一次八刀一闪，八刀一闪施法延时1秒，八刀一闪过程中对敌人多次斩击，造成60/110/160/210/260(+0.8额外AD)点物理伤害并眩晕0.75秒。
10,无心天使,r,60/50/40,无消耗,被动效果：增加自身3%/6%/9%最大生命值。主动效果：萨菲罗斯立即进入片翼天使状态，吟唱3秒并对周围所有敌人造成210/350/490（+1.4AP）点法术伤害，吟唱结束会将周围敌人勇气值降为1，持续2秒，勇气值为1敌人会被沉默，并且所有攻击只会对萨菲罗斯造成1点伤害。片翼天使状态持续30秒，期间萨菲罗斯的所有基础技能变为快速释放，片翼天使状态下的基础技能单独计算冷却时间
9,封弊者,被动,无,无,桐人善于隐藏自身实力，其他玩家无法看到其能力值。
9,音速冲击,q,16/15/14/13/12秒,无,对目标发起一次强力的突袭，将途中碰到的所有敌人击退一小段距离，造成30/65/100/135/170（+1.0全AD）点物理伤害，若击退过程中碰到阻挡，则会眩晕目标1.25秒。
9,魔剑侵袭,w,8/7.5/7/6.5/6秒,无,对鼠标方向扇形范围内敌人造成40/90/140/190/240（+1.3额外AD）点物理伤害。并提高自身30/35/40/45/50点攻击力，持续3秒
9,四方斩,e,18/17/16/15/14秒,无,以鼠标指向为基准线，对自身四方射出四道剑影，每道剑影碰到的首个目标会造成:40/65/90/115/140（+0.85额外ad）点物理伤害。并标记其5秒，若未击中目标则会留下一个持续3秒的残影。5秒内可以多次使用二段技能，瞬移到最近具有标记的目标身边，并再次造成40/65/90/115/140（+0.85额外ad）点物理伤害；也可以鼠标右键点击残影，立刻瞬移到残影处。
9,星爆气流斩,r,135/120/105秒,无,施展二刀流上位剑技星爆气流斩，对目标英雄连续造成16连击，每道剑影对碰到的所有单位造成10/25/40（+0.1全ad）点真实伤害。连击期间桐人处于无敌状态。且无法使用主动道具。
8,狂暴补师,被动,无,无,明日奈获得20%攻击速度加成，每次技能命中额外提升10%，最多获得2倍的攻击速度。
8,四倍痛击,q,20/19/18/17/16秒,无消耗,细剑剑技，向前方的敌方单位冲锋。造成20/35/50/65/80（+0.3全AD）点物理伤害。该技能在12内能使用4次。
8,五星撕裂,w,5秒,无,挥舞细剑，瞬间使出5发突刺剑技，造成88/144/200/256/312（+1.75额外AD）点物理伤害，并减低敌方护甲10%/15%/20%/25%/30%，持续3秒。命中单位越多伤害越低，最多攻击5个单位。（击中多人）55/90/125/160/195（+1.75额外AD）每额外击中一个目标都会降低技能的冷却时间0.5秒，最多降低2秒。
8,妖精之舞,e,12秒,,被动：每次使用技能后会对自身周围友方单位施加增益状态。四倍痛击：增加移动速度 1%/2%/3%/4%/5%，最多叠加3层，持续6秒。五星撕裂：增加护甲 2/4/6/8/10，最多叠加3层，持续6秒。圣母圣咏：恢复主动效果造成伤害的20%/30%/40%/50%/60%的生命值。当累计施加了10次增益状态后可以使用主动技能。增加30%/40%/50%/60%/70%的攻击速度和25%移动速度
8,圣母圣咏,r,32秒,无消耗,传承自“绝剑”的十一连击技能，开启后每次普通攻击附加30/60/90（+0.15全ad）真实伤害，最终一击可冲向目标造成100/200/300（+1.2全AD）物理伤害。
7,攻略之神,被动,无,无,桂木桂马拥有2次元领域，范围1000.领域内有玩家被推倒时，桂木桂马提升1点法术强度
7,Flag设定,q,6秒,40法力值,桂木桂马洞悉目标的设定——敌方目标获得死亡Flag，10秒后造成伤害：90/135/180/225/270（+0.9AP）点魔法伤害；己方目标获得恋爱Flag，10秒后恢复40/60/80/100/120（+0.4AP）点生命值。伤害或者恢复效果触发时的作用范围为200，目标死亡会立刻触发。
7,好感度逆转,w,4秒,40点法力值,桂木桂马逆转目标的设定，Flag在逆转后会重新计时。如果目标是敌人，则在5秒内逐渐降低其魔抗30%/40%/50%/60%/70% ；如果目标是友方，则在5秒内逐渐提升移动速度25%/30%/35%/40%/45%。
7,同调,e,12秒,100点法力值,被动效果：提升攻略之神-二次元领域的范1200/1400/1600/1800/2000 ，提升Flag触发效果范围220/240/260/280/300主动效果：瞬间触发神之领域范围内的所有flag。 
7,神之模式,r,75秒,100点法力值,桂木桂马开启神之模式同时攻略多个目标，持续15秒。期间flag设定能同时作用200范围至多4/5/6个英雄单位；好感度逆转的cd降低为3/2/2秒；同调的CD降低为10/9/8秒（降低后的cd享受冷却缩减）。
6,羁绊之心,被动,无,无,周围900范围内，每个友方英雄能提高自身5点/5秒生命恢复；每一个友方英雄不包括自己死亡时，能获得一个羁绊之心，最多保存7个。蓝羽化获得二段能力——真蓝羽化：消耗1个羁绊之心，下4次普通攻击必然暴击，获得空中视野；4次普通攻击暴击效果用完后结束，该状态最多持续7秒
6,机枪模式,q,16/15/14/13/12秒,50/55/60/65/70法力,被动效果：黑岩射手增加15%/20%/25%/30%/35%的攻击速度。获得贯通效果，射程增加70/90/110/130/150，并提高15%/20%/25%/30%/35%攻击速度，持续4秒。所造成的伤害无法被闪避。
6,蓝羽化,w,20/19/18/17/16秒,60/65/70/75/80法力,身法提高到极限，无法被敌人选中，提高35%/40%/45%/50%/55%移动速度；持续2秒。（获得羁绊之心后可以手动开启二段能力）化每次学习技能时将自动获得一个羁绊之心
6,绝对压制,e,8秒,40/45/50/55/60法力,被动效果：周围敌方英雄释放技能时，黑岩射手能锁定住目标1.5秒，锁定期间黑岩射手的普通攻击会减少目标15%护甲持续3秒，并且减少主动技能冷却时间2秒。主动效果：对目标方向发射一个高能量光弹，对碰到的首个敌人产生一次小范围伤害，造成55/90/125/160/195（+0.8额外AD）点物理伤害，光弹飞行距离越远伤害越高，最多造成1.5倍的伤害。
6,巨型光子炮,r,120/100/80秒,100/125/150点法力值,黑岩射手蓄力1.5秒后（出现双方可见指示线），朝目标方向发射光子炮，对击中的单位造成200/350/500（+1.5全额AD）点物理伤害。每击中一个单位提高自身10%的移动速度，持续3秒，最多叠加10层。
5,挽诗,被动,240秒,无,楪祈在濒死时用歌声安抚队友，15秒内恢复己方英雄30%生命值。（该技能在楪祈重生后进入冷却）
5,歌者闇剑,q,24/22/20/18/16秒,80法力值,被动效果:提升楪祈7% 9% 11% 13% 15%的物理攻击力。主动效果:楪祈在8秒内使用自身void进行战斗，攻击变为近战兵提升自身攻击速度和移动速度40%/48%/56%/64%/72%，攻击速度和移动速度在持续期间内会衰减
5,涯-领袖之枪,w,8/7/6/5/4秒,30/35/40/45/50法力值,被动效果:楪祈每3次普通攻击造成30/55/80/105/130（+0.4全AD）点额外法术伤害。主动效果:重置普攻并附带额外伤害。
5,本我黯甲,e,11/10.5/10/9.5/9秒,50/55/60/65/70法力值,楪祈幻化盔甲，抵挡100/165/230/295/360（+1.0AP）点伤害，持续2秒，如果铠甲被击溃将降低一半冷却
5,失落圣诞,r,100/125/150秒,100/125/150法力值,楪祈使周围的地方单位结晶化眩晕2~0.5秒并造成400/600/800(+1.0AP)~100/150/200（+0.25AP）点法术伤害，距离Inori越近的玩家受到的控制时间和伤害越高。
4,电击,被动,无,无,普通攻击和匕首Q技能暴击时会附带电流攻击，麻痹目标1秒(减少40%移动速度)。
4,黑,q,6/5.5/5/4.5/4秒,40/45/50/55/60点法力值,向目标方向投掷匕首，对碰到的目标造成30/50/70/90/110（+1.2全AD）点普通攻击伤害，每命中一个目标提高10%暴击率直到触发一次暴击，持续8秒，可叠加5层。连续命中敌方同一单位3次后，会把自己送到对方的攻击范围里。叠加暴击的目标个数为3个。连Q需谨慎，且Q且珍惜
4,银,w,无,无,被动效果：银施展感知能力，获得黑周围3000/3500/4000/4500/5000范围血量低于15%/20%/25%/30%/35%的敌方英雄视野。永久提高20%+ 10/15/20/25/30点护甲穿透。
4,影踪,e,30/28/26/24/22秒,80点法力值,主动效果：1秒后进入隐身状态，持续8/10/12/14/16秒，期间普通攻击必定会爆击，普通攻击和释放技能后会脱离隐身状态。
4,白,r,145/130/115秒,100点法力值,被动效果：对非英雄单位，普通攻击有20%的概率直接将其量子化（造成3倍伤害）主动效果：蓄力2秒后，将自身量子化，直接瞬移到目标单位身边，下一次普通攻击附带150/250/350（+0.5全AD）点物理伤害，持续5秒。
3,理想乡,被动,200秒,无消耗,"当生命值低于25%时,能在5秒内恢复25%的生命值,并且减少所受到的伤害的40%。"
3,殒星斩,q,12,20点法力值,向目标施放一套组合技。该技能可以主动释放2次。第一击：向目标点发起冲锋，对碰到的敌人造成45/85/125/165/205（+1.05额外AD）点物理伤害；第二击：对正面90度范围的敌人造成45/85/125/165/205（+1.05额外AD）点物理伤害，并将敌人击退。
3,风王结界,w,12秒,80点法力值,被动效果：提高20%/30%/40%/50%/60%攻击速度。主动效果：向敌方英雄发起一次挑战，如果当敌方英雄生命值百分比高于自身时，将嘲讽目标1.5s/1.75s/2s/2.25s/2.5s秒；否则减少目标30%/37.5%/45%/52.5%/60%的移动速度，持续4秒。
3,风王铁槌,e,7/6.5/6/5.5/5 ,60/65/70/75/80,对前方90度范围内敌人造成50/90/130/170/210（+0.6AD +0.35AP）点法术伤害，并减少20%/25%/30%/35%/40% 攻击速度，持续3秒。
3,誓约胜利之剑,r,130/120/110,100/140/180,Saber蓄力1秒后，持续施法对前方一条直线上的敌人每0.1秒造成20/35/50（+0.2AP +0.32额外AD）法术伤害，并且减速50%，持续1.5秒
2,博丽大结界,被动,无,无,　展开博丽大结界，激发隐藏特技“强运”;使自身法术有25%概率会造成1.5倍的伤害
2,妖怪Buster,q,12/11/10/9/8秒,45/50/55/60/65法力值,向前方射出4道灵符，造成60/100/140/180/220(+0.7AP)法术伤害，并标记目标3秒。 
2,八方鬼缚阵,w,22/20/18/16/14秒,70法力值,对范围内的敌人造成45%减速效果;若3秒后未离开该范围，则会被眩晕1.5s。普通攻击八方鬼缚阵中的目标会额外附带30/40/50/60/70(+0.3AP)点法术伤害
2,阴阳鬼神玉,e,6秒,50/55/60/65/70法力值,向目标方向发出阴阳玉，对碰到的目标造成80/125/170/215/260(+0.8AP)点法术伤害，如目标身上有灵符标记，则会击退目标；若击退过程中触碰到八方鬼缚阵则会被定身1.5S
2,梦想封印,r,80/70/60秒,100法力值,开启梦想封印状态，每0.5秒获得一个灵力珠围绕在自己身边，最多保持6个，该状态持续6秒。梦想封印状态持续时间内可以使用一次二段技能：将所有围绕在自己身边的灵力珠向敌方英雄发射，但会被路径上其他敌方英雄挡下。灵力珠对碰到的敌方英雄造成75/125/175（+0.25AP全）点法术伤害，连续命中同一目标时，会降低30%的伤害；命中八方鬼缚阵内的英雄会立刻眩晕其0.5秒。使用后一段技能效果立刻结束
